Version,Protocol,TTL,SrcAddr,DestAddr,SrcPort,DestPort,SeqNum,AckNum,Flag,dataSize,Service,Label
4,6,255,23.43.75.27,10.0.2.4,80,43788,9451520,201745088,FIN-ACK,0,HTTP,1
4,6,255,52.24.123.95,10.0.2.4,443,43460,12780063,104387168,SYN-ACK,0,HTTPS,1
4,6,255,52.24.123.95,10.0.2.4,443,43460,12780064,104387368,ACK,0,HTTPS,1
4,6,255,52.24.123.95,10.0.2.4,443,43460,12780064,104387368,ACK,2920,HTTPS,1
4,6,255,52.24.123.95,10.0.2.4,443,43460,12782984,104387368,PSH-ACK,21,HTTPS,1
4,6,255,52.24.123.95,10.0.2.4,443,43460,12783005,104387494,ACK,0,HTTPS,1
4,6,255,93.184.220.29,10.0.2.4,80,44164,12821180,2438984800,SYN-ACK,0,HTTP,1
4,6,255,93.184.220.29,10.0.2.4,80,44164,12821181,2438985239,PSH-ACK,788,HTTP,1
4,6,255,52.24.123.95,10.0.2.4,443,43460,12783005,104387494,PSH-ACK,258,HTTPS,1
4,6,255,54.72.137.132,10.0.2.4,443,54120,12862297,1691486343,SYN-ACK,0,HTTPS,1
4,6,255,54.72.137.132,10.0.2.4,443,54120,12862298,1691486546,ACK,2920,HTTPS,1
4,6,255,54.72.137.132,10.0.2.4,443,54120,12865218,1691486546,PSH-ACK,31,HTTPS,1
4,6,255,54.72.137.132,10.0.2.4,443,54120,12865249,1691486672,PSH-ACK,258,HTTPS,1
4,6,255,93.184.220.29,10.0.2.4,80,44164,12821969,2438985678,PSH-ACK,788,HTTP,1
4,6,255,54.72.137.132,10.0.2.4,443,54120,12865507,1691487099,PSH-ACK,312,HTTPS,1
4,6,255,52.24.123.95,10.0.2.4,443,43460,12783263,104387891,ACK,0,HTTPS,1
4,6,255,52.24.123.95,10.0.2.4,443,43460,12783263,104387891,PSH-ACK,295,HTTPS,1
4,6,255,54.230.0.251,10.0.2.4,443,37090,12903415,563924715,SYN-ACK,0,HTTPS,1
4,6,255,54.230.0.251,10.0.2.4,443,37090,12903416,563924921,PSH-ACK,2920,HTTPS,1
4,6,255,54.230.0.251,10.0.2.4,443,37090,12906336,563924921,ACK,1460,HTTPS,1
4,6,255,54.230.0.251,10.0.2.4,443,37090,12907796,563924921,PSH-ACK,4,HTTPS,1
4,6,255,54.230.0.251,10.0.2.4,443,37090,12907800,563925489,ACK,0,HTTPS,1
4,6,255,54.230.0.251,10.0.2.4,443,37090,12907800,563925489,PSH-ACK,258,HTTPS,1
4,6,255,54.230.0.251,10.0.2.4,443,37090,12908058,563925489,ACK,2920,HTTPS,1
4,6,255,54.230.0.251,10.0.2.4,443,37090,12910978,563925489,PSH-ACK,334,HTTPS,1
4,6,255,81.169.145.83,10.0.2.4,80,43430,12944534,4209394677,SYN-ACK,0,HTTP,1
4,6,255,81.169.145.83,10.0.2.4,80,43430,12944535,4209394971,ACK,2920,HTTP,1
4,6,255,81.169.145.83,10.0.2.4,80,43430,12947455,4209394971,PSH-ACK,1460,HTTP,1
4,6,255,81.169.145.83,10.0.2.4,80,43430,12948915,4209394971,ACK,2920,HTTP,1
4,6,255,81.169.145.83,10.0.2.4,80,43430,12951835,4209394971,PSH-ACK,1460,HTTP,1
4,6,255,81.169.145.83,10.0.2.4,80,43430,12953295,4209394971,ACK,5840,HTTP,1
4,6,255,81.169.145.83,10.0.2.4,80,43430,12959135,4209394971,PSH-ACK,447,HTTP,1
4,6,255,81.169.145.83,10.0.2.4,80,43430,12959582,4209395300,ACK,0,HTTP,1
4,6,255,94.46.159.29,10.0.2.4,443,49390,12985653,1247244613,SYN-ACK,0,HTTPS,1
4,6,255,81.169.145.83,10.0.2.4,80,43430,12959582,4209395300,ACK,11680,HTTP,1
4,6,255,81.169.145.83,10.0.2.4,80,43430,12971262,4209395300,PSH-ACK,1460,HTTP,1
4,6,255,81.169.145.83,10.0.2.4,80,43430,12972722,4209395300,PSH-ACK,5840,HTTP,1
4,6,255,81.169.145.83,10.0.2.4,80,43430,12978562,4209395300,PSH-ACK,306,HTTP,1
4,6,255,94.46.159.29,10.0.2.4,443,49390,12985654,1247244810,ACK,2920,HTTPS,1
4,6,255,94.46.159.29,10.0.2.4,443,49390,12988574,1247244810,PSH-ACK,827,HTTPS,1
4,6,255,104.65.22.197,10.0.2.4,443,56124,13026773,3325982563,SYN-ACK,0,HTTPS,1
4,6,255,104.16.26.216,10.0.2.4,80,43228,13067893,3817017081,SYN-ACK,0,HTTP,1
4,6,255,104.16.26.216,10.0.2.4,80,43230,13109013,2205039188,SYN-ACK,0,HTTP,1
4,6,255,94.46.159.29,10.0.2.4,443,49390,12989401,1247244936,PSH-ACK,343,HTTPS,1
4,6,255,104.65.22.197,10.0.2.4,443,56124,13026774,3325982758,ACK,2920,HTTPS,1
4,6,255,104.65.22.197,10.0.2.4,443,56124,13029694,3325982758,PSH-ACK,670,HTTPS,1
4,6,255,104.16.26.216,10.0.2.4,80,43228,13067894,3817017542,ACK,1460,HTTP,1
4,6,255,104.16.26.216,10.0.2.4,80,43228,13069354,3817017542,PSH-ACK,683,HTTP,1
4,6,255,94.46.159.29,10.0.2.4,443,49390,12989744,1247245347,ACK,0,HTTPS,1
4,6,255,81.169.145.83,10.0.2.4,80,43430,12978868,4209395300,PSH-ACK,7300,HTTP,1
4,6,255,81.169.145.83,10.0.2.4,80,43430,12986168,4209395300,ACK,1460,HTTP,1
4,6,255,81.169.145.83,10.0.2.4,80,43430,12987628,4209395300,PSH-ACK,1460,HTTP,1
4,6,255,81.169.145.83,10.0.2.4,80,43430,12989088,4209395300,ACK,5840,HTTP,1
4,6,255,81.169.145.83,10.0.2.4,80,43430,12994928,4209395300,PSH-ACK,715,HTTP,1
4,6,255,94.46.159.29,10.0.2.4,443,49390,12989744,1247245385,PSH-ACK,38,HTTPS,1
4,6,255,94.46.159.29,10.0.2.4,443,49390,12989782,1247245385,ACK,5840,HTTPS,1
4,6,255,94.46.159.29,10.0.2.4,443,49390,12995622,1247245385,PSH-ACK,8760,HTTPS,1
4,6,255,94.46.159.29,10.0.2.4,443,49390,13004382,1247245385,ACK,8760,HTTPS,1
4,6,255,94.46.159.29,10.0.2.4,443,49390,13013142,1247245385,PSH-ACK,238,HTTPS,1
4,6,255,104.65.22.197,10.0.2.4,443,56124,13030364,3325982884,PSH-ACK,242,HTTPS,1
4,6,255,172.217.23.14,10.0.2.4,80,55638,13150133,3354787815,SYN-ACK,0,HTTP,1
4,6,255,23.43.75.27,10.0.2.4,80,44500,13191253,274239598,SYN-ACK,0,HTTP,1
4,6,255,172.217.23.14,10.0.2.4,80,55642,13232373,952365305,SYN-ACK,0,HTTP,1
4,6,255,23.43.75.27,10.0.2.4,80,44504,13273493,1717375837,SYN-ACK,0,HTTP,1
4,6,255,23.43.75.27,10.0.2.4,80,44500,13191254,274240032,ACK,1460,HTTP,1
4,6,255,23.43.75.27,10.0.2.4,80,44500,13192714,274240032,PSH-ACK,654,HTTP,1
4,6,255,172.217.23.14,10.0.2.4,80,55638,13150134,3354788104,ACK,2920,HTTP,1
4,6,255,172.217.23.14,10.0.2.4,80,55638,13153054,3354788104,ACK,4380,HTTP,1
4,6,255,172.217.23.14,10.0.2.4,80,55638,13157434,3354788104,ACK,4380,HTTP,1
4,6,255,172.217.23.14,10.0.2.4,80,55638,13161814,3354788104,PSH-ACK,323,HTTP,1
4,6,255,23.43.75.27,10.0.2.4,80,44506,13314613,3296243286,SYN-ACK,0,HTTP,1
4,6,255,23.43.75.27,10.0.2.4,80,44508,13355733,2415334296,SYN-ACK,0,HTTP,1
4,6,255,23.43.75.27,10.0.2.4,80,44506,13314614,3296243720,ACK,1460,HTTP,1
4,6,255,23.43.75.27,10.0.2.4,80,44506,13316074,3296243720,PSH-ACK,488,HTTP,1
4,6,255,172.217.23.14,10.0.2.4,80,55642,13232374,952365877,PSH-ACK,385,HTTP,1
4,6,255,104.65.22.197,10.0.2.4,443,56124,13030606,3325983242,PSH-ACK,539,HTTPS,1
4,6,255,172.217.23.14,10.0.2.4,80,55638,13162137,3354788691,PSH-ACK,839,HTTP,1
4,6,255,104.65.22.197,10.0.2.4,443,56142,13396853,933098660,SYN-ACK,0,HTTPS,1
4,6,255,104.65.22.197,10.0.2.4,443,56124,13031145,3325983608,ACK,1460,HTTPS,1
4,6,255,104.65.22.197,10.0.2.4,443,56142,13396854,933099177,PSH-ACK,152,HTTPS,1
4,6,255,74.125.133.156,10.0.2.4,443,42010,13437973,3448188810,SYN-ACK,0,HTTPS,1
4,6,255,74.125.133.156,10.0.2.4,443,42010,13437974,3448189007,ACK,2920,HTTPS,1
4,6,255,74.125.133.156,10.0.2.4,443,42010,13440894,3448189007,PSH-ACK,800,HTTPS,1
4,6,255,104.65.22.197,10.0.2.4,443,56124,13032605,3325983608,PSH-ACK,529,HTTPS,1
4,6,255,172.217.23.14,10.0.2.4,80,55654,13479093,1047334245,SYN-ACK,0,HTTP,1
4,6,255,172.217.23.14,10.0.2.4,80,55656,13520213,3020105594,SYN-ACK,0,HTTP,1
4,6,255,74.125.133.156,10.0.2.4,443,42010,13441694,3448189133,PSH-ACK,366,HTTPS,1
4,6,255,172.217.23.14,10.0.2.4,80,55654,13479094,1047334682,PSH-ACK,746,HTTP,1
4,6,255,74.125.133.156,10.0.2.4,443,42010,13442060,3448189584,ACK,0,HTTPS,1
4,6,255,74.125.133.156,10.0.2.4,443,42010,13442060,3448189622,PSH-ACK,38,HTTPS,1
4,6,255,74.125.133.156,10.0.2.4,443,42010,13442098,3448189622,PSH-ACK,395,HTTPS,1
4,6,255,81.169.145.83,10.0.2.4,80,43430,12995643,4209395683,ACK,0,HTTP,1
4,6,255,74.125.133.156,10.0.2.4,443,42010,13442493,3448189668,ACK,0,HTTPS,1
4,6,255,104.65.22.197,10.0.2.4,443,56142,13397006,933099228,ACK,0,HTTPS,1
4,6,255,81.169.145.83,10.0.2.4,80,43430,12995643,4209395683,PSH-ACK,423,HTTP,1
4,6,255,54.191.71.231,10.0.2.4,443,38836,13561335,3366244324,SYN-ACK,0,HTTPS,1
4,6,255,54.191.71.231,10.0.2.4,443,38836,13561336,3366244525,ACK,0,HTTPS,1
4,6,255,54.191.71.231,10.0.2.4,443,38836,13561336,3366244525,ACK,2920,HTTPS,1
4,6,255,54.191.71.231,10.0.2.4,443,38836,13564256,3366244525,PSH-ACK,127,HTTPS,1
4,6,255,93.184.220.29,10.0.2.4,80,44164,12822757,2438986117,PSH-ACK,788,HTTP,1
4,6,255,54.191.71.231,10.0.2.4,443,38836,13564383,3366245191,ACK,0,HTTPS,1
4,6,255,54.191.71.231,10.0.2.4,443,38836,13564383,3366245191,PSH-ACK,258,HTTPS,1
4,6,255,54.191.71.231,10.0.2.4,443,38836,13564641,3366245191,PSH-ACK,381,HTTPS,1
4,6,255,54.230.0.226,10.0.2.4,443,43672,13602458,2223272336,SYN-ACK,0,HTTPS,1
4,6,255,54.230.0.226,10.0.2.4,443,43672,13602459,2223272545,ACK,2920,HTTPS,1
4,6,255,54.230.0.226,10.0.2.4,443,43672,13605379,2223272545,ACK,1460,HTTPS,1
4,6,255,54.230.0.226,10.0.2.4,443,43672,13606839,2223272545,PSH-ACK,4,HTTPS,1
4,6,255,54.230.0.226,10.0.2.4,443,43672,13606843,2223273093,ACK,0,HTTPS,1
4,6,255,54.230.0.226,10.0.2.4,443,43672,13606843,2223273093,PSH-ACK,258,HTTPS,1
4,6,255,54.230.0.226,10.0.2.4,443,43672,13607101,2223273093,PSH-ACK,5840,HTTPS,1
4,6,255,54.230.0.226,10.0.2.4,443,43672,13612941,2223273093,PSH-ACK,8760,HTTPS,1
4,6,255,54.230.0.226,10.0.2.4,443,43672,13621701,2223273093,PSH-ACK,4380,HTTPS,1
4,6,255,54.230.0.226,10.0.2.4,443,43672,13626081,2223273093,ACK,5840,HTTPS,1
4,6,255,54.230.0.226,10.0.2.4,443,43672,13631921,2223273093,PSH-ACK,5840,HTTPS,1
4,6,255,54.230.0.226,10.0.2.4,443,43672,13637761,2223273093,PSH-ACK,5840,HTTPS,1
4,6,255,54.230.0.226,10.0.2.4,443,43672,13643601,2223273093,PSH-ACK,14600,HTTPS,1
4,6,255,54.230.0.226,10.0.2.4,443,43672,13658201,2223273093,ACK,1460,HTTPS,1
4,6,255,54.230.0.226,10.0.2.4,443,43672,13659661,2223273093,ACK,2920,HTTPS,1
4,6,255,54.230.0.226,10.0.2.4,443,43672,13662581,2223273093,PSH-ACK,57,HTTPS,1
4,6,255,54.230.0.226,10.0.2.4,443,43672,13662638,2223273520,PSH-ACK,485,HTTPS,1
4,6,255,54.230.0.226,10.0.2.4,443,43672,13663123,2223273520,PSH-ACK,14600,HTTPS,1
4,6,255,54.230.0.226,10.0.2.4,443,43672,13677723,2223273520,ACK,13140,HTTPS,1
4,6,255,54.230.0.226,10.0.2.4,443,43672,13690863,2223273520,PSH-ACK,353,HTTPS,1
4,6,255,54.230.0.226,10.0.2.4,443,43672,13691216,2223273520,ACK,13140,HTTPS,1
4,6,255,54.230.0.226,10.0.2.4,443,43672,13704356,2223273520,PSH-ACK,353,HTTPS,1
4,6,255,54.230.0.226,10.0.2.4,443,43672,13704709,2223273520,ACK,13140,HTTPS,1
4,6,255,54.230.0.226,10.0.2.4,443,43672,13717849,2223273520,PSH-ACK,353,HTTPS,1
4,6,255,54.230.0.226,10.0.2.4,443,43672,13718202,2223273520,ACK,8760,HTTPS,1
4,6,255,54.230.0.226,10.0.2.4,443,43672,13726962,2223273520,PSH-ACK,872,HTTPS,1
4,6,255,54.230.0.226,10.0.2.4,443,43672,13727834,2223273520,PSH-ACK,11680,HTTPS,1
4,6,255,54.230.0.226,10.0.2.4,443,43672,13739514,2223273520,PSH-ACK,10220,HTTPS,1
4,6,255,54.230.0.226,10.0.2.4,443,43672,13749734,2223273520,PSH-ACK,8760,HTTPS,1
4,6,255,54.230.0.226,10.0.2.4,443,43672,13758494,2223273520,PSH-ACK,20440,HTTPS,1
4,6,255,54.230.0.226,10.0.2.4,443,43672,13778934,2223273520,ACK,8760,HTTPS,1
4,6,255,54.230.0.226,10.0.2.4,443,43672,13787694,2223273520,PSH-ACK,4380,HTTPS,1
4,6,255,54.230.0.226,10.0.2.4,443,43672,13792074,2223273520,PSH-ACK,13140,HTTPS,1
4,6,255,54.230.0.226,10.0.2.4,443,43672,13805214,2223273520,PSH-ACK,11680,HTTPS,1
4,6,255,54.230.0.226,10.0.2.4,443,43672,13816894,2223273520,PSH-ACK,7300,HTTPS,1
4,6,255,54.230.0.226,10.0.2.4,443,43672,13824194,2223273520,PSH-ACK,10220,HTTPS,1
4,6,255,54.230.0.226,10.0.2.4,443,43672,13834414,2223273520,PSH-ACK,10220,HTTPS,1
4,6,255,54.230.0.226,10.0.2.4,443,43672,13844634,2223273520,PSH-ACK,10220,HTTPS,1
4,6,255,54.230.0.226,10.0.2.4,443,43672,13854854,2223273520,PSH-ACK,1460,HTTPS,1
4,6,255,54.230.0.226,10.0.2.4,443,43672,13856314,2223273520,PSH-ACK,1460,HTTPS,1
4,6,255,54.230.0.226,10.0.2.4,443,43672,13857774,2223273520,PSH-ACK,4380,HTTPS,1
4,6,255,54.230.0.226,10.0.2.4,443,43672,13862154,2223273520,PSH-ACK,5840,HTTPS,1
4,6,255,54.230.0.226,10.0.2.4,443,43672,13867994,2223273520,PSH-ACK,7300,HTTPS,1
4,6,255,54.230.0.226,10.0.2.4,443,43672,13875294,2223273520,PSH-ACK,8760,HTTPS,1
4,6,255,54.230.0.226,10.0.2.4,443,43672,13884054,2223273520,PSH-ACK,1460,HTTPS,1
4,6,255,54.230.0.226,10.0.2.4,443,43672,13885514,2223273520,PSH-ACK,11680,HTTPS,1
4,6,255,54.230.0.226,10.0.2.4,443,43672,13897194,2223273520,PSH-ACK,10220,HTTPS,1
4,6,255,54.230.0.226,10.0.2.4,443,43672,13907414,2223273520,PSH-ACK,11680,HTTPS,1
4,6,255,54.230.0.226,10.0.2.4,443,43672,13919094,2223273520,PSH-ACK,11680,HTTPS,1
4,6,255,54.230.0.226,10.0.2.4,443,43672,13930774,2223273520,PSH-ACK,17520,HTTPS,1
4,6,255,54.230.0.226,10.0.2.4,443,43672,13948294,2223273520,PSH-ACK,8760,HTTPS,1
4,6,255,54.230.0.226,10.0.2.4,443,43672,13957054,2223273520,ACK,16060,HTTPS,1
4,6,255,54.230.0.226,10.0.2.4,443,43672,13973114,2223273520,PSH-ACK,1428,HTTPS,1
4,6,255,81.169.145.83,10.0.2.4,80,43430,12996066,4209395683,FIN-ACK,0,HTTP,1
4,6,255,81.169.145.83,10.0.2.4,80,43430,12996067,4209395684,ACK,0,HTTP,1
4,6,255,81.169.145.83,10.0.2.4,80,43478,13643585,3753077000,SYN-ACK,0,HTTP,1
4,6,255,81.169.145.83,10.0.2.4,80,43478,13643586,3753077483,ACK,0,HTTP,1
4,6,255,81.169.145.83,10.0.2.4,80,43478,13643586,3753077483,PSH-ACK,391,HTTP,1
4,6,255,81.169.145.83,10.0.2.4,80,43478,13643977,3753077950,ACK,0,HTTP,1
4,6,255,81.169.145.83,10.0.2.4,80,43478,13643977,3753077950,PSH-ACK,4380,HTTP,1
4,6,255,81.169.145.83,10.0.2.4,80,43478,13648357,3753077950,ACK,5840,HTTP,1
4,6,255,81.169.145.83,10.0.2.4,80,43478,13654197,3753077950,PSH-ACK,1460,HTTP,1
4,6,255,81.169.145.83,10.0.2.4,80,43480,13684715,3769372491,SYN-ACK,0,HTTP,1
4,6,255,81.169.145.83,10.0.2.4,80,43482,13725845,154051150,SYN-ACK,0,HTTP,1
4,6,255,81.169.145.83,10.0.2.4,80,43484,13766975,1447671980,SYN-ACK,0,HTTP,1
4,6,255,81.169.145.83,10.0.2.4,80,43478,13655657,3753077950,ACK,5840,HTTP,1
4,6,255,81.169.145.83,10.0.2.4,80,43478,13661497,3753077950,PSH-ACK,4380,HTTP,1
4,6,255,81.169.145.83,10.0.2.4,80,43486,13808105,155444195,SYN-ACK,0,HTTP,1
4,6,255,81.169.145.83,10.0.2.4,80,43488,13849235,1736650681,SYN-ACK,0,HTTP,1
4,6,255,81.169.145.83,10.0.2.4,80,43478,13665877,3753077950,ACK,10220,HTTP,1
4,6,255,81.169.145.83,10.0.2.4,80,43478,13676097,3753077950,ACK,1460,HTTP,1
4,6,255,81.169.145.83,10.0.2.4,80,43482,13725846,154051654,ACK,2920,HTTP,1
4,6,255,81.169.145.83,10.0.2.4,80,43482,13728766,154051654,PSH-ACK,1460,HTTP,1
4,6,255,81.169.145.83,10.0.2.4,80,43478,13677557,3753077950,PSH-ACK,495,HTTP,1
4,6,255,81.169.145.83,10.0.2.4,80,43480,13684716,3769373003,ACK,2920,HTTP,1
4,6,255,81.169.145.83,10.0.2.4,80,43480,13687636,3769373003,ACK,4380,HTTP,1
4,6,255,81.169.145.83,10.0.2.4,80,43480,13692016,3769373003,PSH-ACK,583,HTTP,1
4,6,255,81.169.145.83,10.0.2.4,80,43482,13730226,154051654,ACK,5840,HTTP,1
4,6,255,81.169.145.83,10.0.2.4,80,43482,13736066,154051654,PSH-ACK,1460,HTTP,1
4,6,255,91.226.182.21,10.0.2.4,80,46314,13890365,2528500732,SYN-ACK,0,HTTP,1
4,6,255,91.226.182.21,10.0.2.4,80,46316,13931495,265923642,SYN-ACK,0,HTTP,1
4,6,255,91.226.182.21,10.0.2.4,80,46318,13972625,3713591296,SYN-ACK,0,HTTP,1
4,6,255,91.226.182.21,10.0.2.4,80,46320,14013755,1692563882,SYN-ACK,0,HTTP,1
4,6,255,91.226.182.21,10.0.2.4,80,46324,14096015,4166738907,SYN-ACK,0,HTTP,1
4,6,255,91.226.182.21,10.0.2.4,80,46322,14054885,1201939338,SYN-ACK,0,HTTP,1
4,6,255,81.169.145.83,10.0.2.4,80,43484,13766976,1447672438,ACK,1460,HTTP,1
4,6,255,81.169.145.83,10.0.2.4,80,43484,13768436,1447672438,PSH-ACK,609,HTTP,1
4,6,255,81.169.145.83,10.0.2.4,80,43482,13737526,154051654,OTH,3834,HTTP,1
4,6,255,81.169.145.83,10.0.2.4,80,43482,13741361,154051655,ACK,0,HTTP,1
4,6,255,172.217.23.14,10.0.2.4,80,55638,13162976,3354789420,PSH-ACK,385,HTTP,1
4,6,255,81.169.145.83,10.0.2.4,80,43502,14137145,311972951,SYN-ACK,0,HTTP,1
4,6,255,81.169.145.83,10.0.2.4,80,43502,14137146,311973494,ACK,0,HTTP,1
4,6,255,81.169.145.83,10.0.2.4,80,43488,13849236,1736651220,ACK,0,HTTP,1
4,6,255,81.169.145.83,10.0.2.4,80,43486,13808106,155444730,ACK,0,HTTP,1
4,6,255,81.169.145.83,10.0.2.4,80,43484,13769045,1447672971,ACK,0,HTTP,1
4,6,255,81.169.145.83,10.0.2.4,80,43480,13692599,3769373556,ACK,0,HTTP,1
4,6,255,91.226.182.21,10.0.2.4,80,46314,13890366,2528501073,ACK,0,HTTP,1
4,6,255,91.226.182.21,10.0.2.4,80,46316,13931496,265923983,ACK,0,HTTP,1
4,6,255,91.226.182.21,10.0.2.4,80,46318,13972626,3713591637,ACK,0,HTTP,1
4,6,255,91.226.182.21,10.0.2.4,80,46320,14013756,1692564223,ACK,0,HTTP,1
4,6,255,81.169.145.83,10.0.2.4,80,43478,13678052,3753078721,ACK,0,HTTP,1
4,6,255,91.226.182.21,10.0.2.4,80,46320,14013756,1692564223,PSH-ACK,1078,HTTP,1
4,6,255,91.226.182.21,10.0.2.4,80,46320,14014834,1692564223,FIN-ACK,0,HTTP,1
4,6,255,91.226.182.21,10.0.2.4,80,46320,14014835,1692564224,ACK,0,HTTP,1
4,6,255,91.226.182.21,10.0.2.4,80,46318,13972626,3713591637,PSH-ACK,1434,HTTP,1
4,6,255,91.226.182.21,10.0.2.4,80,46318,13974060,3713591637,FIN-ACK,0,HTTP,1
4,6,255,91.226.182.21,10.0.2.4,80,46318,13974061,3713591638,ACK,0,HTTP,1
4,6,255,91.226.182.21,10.0.2.4,80,46314,13890366,2528501073,PSH-ACK,800,HTTP,1
4,6,255,91.226.182.21,10.0.2.4,80,46314,13891166,2528501073,FIN-ACK,0,HTTP,1
4,6,255,91.226.182.21,10.0.2.4,80,46314,13891167,2528501074,ACK,0,HTTP,1
4,6,255,91.226.182.21,10.0.2.4,80,46316,13931496,265923983,OTH,2015,HTTP,1
4,6,255,91.226.182.21,10.0.2.4,80,46316,13933512,265923984,ACK,0,HTTP,1
4,6,255,91.226.182.21,10.0.2.4,80,46324,14096016,4166739435,ACK,2920,HTTP,1
4,6,255,91.226.182.21,10.0.2.4,80,46324,14098936,4166739435,OTH,397,HTTP,1
4,6,255,91.226.182.21,10.0.2.4,80,46324,14099334,4166739436,ACK,0,HTTP,1
4,6,255,81.169.145.83,10.0.2.4,80,43478,13678052,3753078721,PSH-ACK,614,HTTP,1
4,6,255,91.226.182.122,10.0.2.4,80,33244,14178275,722995112,SYN-ACK,0,HTTP,1
4,6,255,91.226.182.122,10.0.2.4,80,33246,14219405,3690279178,SYN-ACK,0,HTTP,1
4,6,255,91.226.182.231,10.0.2.4,80,37890,14260535,4124390049,SYN-ACK,0,HTTP,1
4,6,255,91.226.182.231,10.0.2.4,80,37892,14301665,2086911258,SYN-ACK,0,HTTP,1
4,6,255,91.226.182.231,10.0.2.4,80,37894,14342795,2394584131,SYN-ACK,0,HTTP,1
4,6,255,91.226.182.231,10.0.2.4,80,37896,14383925,1670569968,SYN-ACK,0,HTTP,1
4,6,255,91.226.182.231,10.0.2.4,80,37898,14425055,3115868446,SYN-ACK,0,HTTP,1
4,6,255,91.226.182.122,10.0.2.4,80,33262,14548445,2882779164,SYN-ACK,0,HTTP,1
4,6,255,91.226.182.122,10.0.2.4,80,33260,14507315,2336985056,SYN-ACK,0,HTTP,1
4,6,255,91.226.182.231,10.0.2.4,80,37900,14466185,2063952679,SYN-ACK,0,HTTP,1
4,6,255,81.169.145.83,10.0.2.4,80,43484,13769045,1447672971,ACK,2920,HTTP,1
4,6,255,81.169.145.83,10.0.2.4,80,43484,13771965,1447672971,PSH-ACK,1028,HTTP,1
4,6,255,91.226.182.122,10.0.2.4,80,33244,14178276,722995458,OTH,1944,HTTP,1
4,6,255,91.226.182.122,10.0.2.4,80,33244,14180221,722995459,ACK,0,HTTP,1
4,6,255,91.226.182.231,10.0.2.4,80,37894,14342796,2394584475,ACK,2920,HTTP,1
4,6,255,91.226.182.231,10.0.2.4,80,37894,14345716,2394584475,OTH,40,HTTP,1
4,6,255,91.226.182.231,10.0.2.4,80,37894,14345757,2394584476,ACK,0,HTTP,1
4,6,255,91.226.182.231,10.0.2.4,80,37890,14260536,4124390394,ACK,2920,HTTP,1
4,6,255,91.226.182.231,10.0.2.4,80,37890,14263456,4124390394,ACK,4380,HTTP,1
4,6,255,91.226.182.231,10.0.2.4,80,37890,14267836,4124390394,ACK,5840,HTTP,1
4,6,255,91.226.182.231,10.0.2.4,80,37890,14273676,4124390394,PSH-ACK,1460,HTTP,1
4,6,255,81.169.145.83,10.0.2.4,80,43484,13772993,1447673544,ACK,0,HTTP,1
4,6,255,91.226.182.21,10.0.2.4,80,46322,14054886,1201939856,ACK,0,HTTP,1
4,6,255,91.226.182.231,10.0.2.4,80,37892,14301666,2086911616,ACK,0,HTTP,1
4,6,255,91.226.182.231,10.0.2.4,80,37896,14383926,1670570309,ACK,0,HTTP,1
4,6,255,91.226.182.122,10.0.2.4,80,33246,14219406,3690279529,ACK,0,HTTP,1
4,6,255,81.169.145.83,10.0.2.4,80,43478,13678666,3753079264,ACK,0,HTTP,1
4,6,255,91.226.182.231,10.0.2.4,80,37892,14301666,2086911616,ACK,2920,HTTP,1
4,6,255,91.226.182.231,10.0.2.4,80,37892,14304586,2086911616,OTH,735,HTTP,1
4,6,255,91.226.182.231,10.0.2.4,80,37892,14305322,2086911617,ACK,0,HTTP,1
4,6,255,91.226.182.122,10.0.2.4,80,33246,14219406,3690279529,ACK,2920,HTTP,1
4,6,255,91.226.182.122,10.0.2.4,80,33246,14222326,3690279529,PSH-ACK,2920,HTTP,1
4,6,255,81.169.145.83,10.0.2.4,80,43480,13692599,3769373556,PSH-ACK,5840,HTTP,1
4,6,255,91.226.182.122,10.0.2.4,80,33246,14225246,3690279529,ACK,5840,HTTP,1
4,6,255,91.226.182.122,10.0.2.4,80,33246,14231086,3690279529,PSH-ACK,2920,HTTP,1
4,6,255,81.169.145.83,10.0.2.4,80,43480,13698439,3769373556,ACK,8760,HTTP,1
4,6,255,81.169.145.83,10.0.2.4,80,43480,13707199,3769373556,PSH-ACK,1460,HTTP,1
4,6,255,81.169.145.83,10.0.2.4,80,43480,13708659,3769373556,ACK,1460,HTTP,1
4,6,255,81.169.145.83,10.0.2.4,80,43480,13710119,3769373556,PSH-ACK,582,HTTP,1
4,6,255,81.169.145.83,10.0.2.4,80,43480,13710701,3769374128,ACK,0,HTTP,1
4,6,255,91.226.182.231,10.0.2.4,80,37896,14383926,1670570309,ACK,2920,HTTP,1
4,6,255,91.226.182.231,10.0.2.4,80,37896,14386846,1670570309,ACK,4380,HTTP,1
4,6,255,91.226.182.231,10.0.2.4,80,37896,14391226,1670570309,ACK,5840,HTTP,1
4,6,255,91.226.182.231,10.0.2.4,80,37896,14397066,1670570309,PSH-ACK,1460,HTTP,1
4,6,255,91.226.182.231,10.0.2.4,80,37890,14275136,4124390394,ACK,8760,HTTP,1
4,6,255,91.226.182.231,10.0.2.4,80,37890,14283896,4124390394,OTH,1644,HTTP,1
4,6,255,91.226.182.231,10.0.2.4,80,37890,14285541,4124390395,ACK,0,HTTP,1
4,6,255,91.226.182.122,10.0.2.4,80,33246,14234006,3690279529,ACK,8760,HTTP,1
4,6,255,91.226.182.122,10.0.2.4,80,33246,14242766,3690279529,PSH-ACK,1460,HTTP,1
4,6,255,91.226.182.122,10.0.2.4,80,33246,14244226,3690279529,PSH-ACK,7300,HTTP,1
4,6,255,91.226.182.122,10.0.2.4,80,33246,14251526,3690279529,PSH-ACK,1327,HTTP,1
4,6,255,91.226.182.122,10.0.2.4,80,33246,14252853,3690279529,FIN-ACK,0,HTTP,1
4,6,255,91.226.182.122,10.0.2.4,80,33246,14252854,3690279530,ACK,0,HTTP,1
4,6,255,91.226.182.21,10.0.2.4,80,46322,14054886,1201939856,PSH-ACK,520,HTTP,1
4,6,255,91.226.182.21,10.0.2.4,80,46322,14055406,1201939856,FIN-ACK,0,HTTP,1
4,6,255,91.226.182.21,10.0.2.4,80,46322,14055407,1201939857,ACK,0,HTTP,1
4,6,255,81.169.145.83,10.0.2.4,80,43486,13808106,155444730,ACK,1460,HTTP,1
4,6,255,81.169.145.83,10.0.2.4,80,43486,13809566,155444730,PSH-ACK,786,HTTP,1
4,6,255,81.169.145.83,10.0.2.4,80,43524,14589576,1368060489,SYN-ACK,0,HTTP,1
4,6,255,91.226.182.231,10.0.2.4,80,37896,14398526,1670570309,PSH-ACK,2920,HTTP,1
4,6,255,91.226.182.231,10.0.2.4,80,37896,14401446,1670570309,PSH-ACK,4380,HTTP,1
4,6,255,91.226.182.231,10.0.2.4,80,37896,14405826,1670570309,ACK,1460,HTTP,1
4,6,255,91.226.182.231,10.0.2.4,80,37896,14407286,1670570309,PSH-ACK,1460,HTTP,1
4,6,255,91.226.182.231,10.0.2.4,80,37896,14408746,1670570309,PSH-ACK,2920,HTTP,1
4,6,255,91.226.182.231,10.0.2.4,80,37896,14411666,1670570309,OTH,1877,HTTP,1
4,6,255,91.226.182.231,10.0.2.4,80,37896,14413544,1670570310,ACK,0,HTTP,1
4,6,255,81.169.145.83,10.0.2.4,80,43488,13849236,1736651220,ACK,2920,HTTP,1
4,6,255,81.169.145.83,10.0.2.4,80,43488,13852156,1736651220,PSH-ACK,1451,HTTP,1
4,6,255,81.169.145.83,10.0.2.4,80,43502,14137146,311973494,ACK,2920,HTTP,1
4,6,255,81.169.145.83,10.0.2.4,80,43502,14140066,311973494,PSH-ACK,1423,HTTP,1
4,6,255,91.226.182.231,10.0.2.4,80,37908,14630707,4282306770,SYN-ACK,0,HTTP,1
4,6,255,91.226.182.231,10.0.2.4,80,37914,14754100,1097526805,SYN-ACK,0,HTTP,1
4,6,255,91.226.182.231,10.0.2.4,80,37912,14712969,150521335,SYN-ACK,0,HTTP,1
4,6,255,91.226.182.231,10.0.2.4,80,37910,14671838,2893706042,SYN-ACK,0,HTTP,1
4,6,255,81.169.145.83,10.0.2.4,80,43484,13772993,1447673544,ACK,1460,HTTP,1
4,6,255,91.226.182.231,10.0.2.4,80,37916,14795231,4066215694,SYN-ACK,0,HTTP,1
4,6,255,91.226.182.231,10.0.2.4,80,37918,14836362,3060616969,SYN-ACK,0,HTTP,1
4,6,255,91.226.182.231,10.0.2.4,80,37914,14754101,1097527159,OTH,1585,HTTP,1
4,6,255,91.226.182.231,10.0.2.4,80,37914,14755687,1097527160,ACK,0,HTTP,1
4,6,255,91.226.182.231,10.0.2.4,80,37910,14671839,2893706390,OTH,2713,HTTP,1
4,6,255,91.226.182.231,10.0.2.4,80,37910,14674553,2893706391,ACK,0,HTTP,1
4,6,255,91.226.182.231,10.0.2.4,80,37912,14712970,150521678,PSH-ACK,858,HTTP,1
4,6,255,91.226.182.231,10.0.2.4,80,37912,14713828,150521678,FIN-ACK,0,HTTP,1
4,6,255,91.226.182.231,10.0.2.4,80,37912,14713829,150521679,ACK,0,HTTP,1
4,6,255,91.226.182.231,10.0.2.4,80,37908,14630708,4282307115,ACK,2920,HTTP,1
4,6,255,91.226.182.231,10.0.2.4,80,37908,14633628,4282307115,ACK,4380,HTTP,1
4,6,255,91.226.182.231,10.0.2.4,80,37908,14638008,4282307115,ACK,5840,HTTP,1
4,6,255,91.226.182.231,10.0.2.4,80,37908,14643848,4282307115,PSH-ACK,1460,HTTP,1
4,6,255,91.226.182.231,10.0.2.4,80,37908,14645308,4282307115,PSH-ACK,7300,HTTP,1
4,6,255,91.226.182.231,10.0.2.4,80,37908,14652608,4282307115,OTH,3104,HTTP,1
4,6,255,91.226.182.231,10.0.2.4,80,37908,14655713,4282307116,ACK,0,HTTP,1
4,6,255,81.169.145.83,10.0.2.4,80,43484,13774453,1447673544,PSH-ACK,992,HTTP,1
4,6,255,81.169.145.83,10.0.2.4,80,43480,13710701,3769374128,PSH-ACK,1157,HTTP,1
4,6,255,81.169.145.83,10.0.2.4,80,43480,13711858,3769374128,FIN-ACK,0,HTTP,1
4,6,255,91.226.182.21,10.0.2.4,80,46362,14877493,1333366672,SYN-ACK,0,HTTP,1
4,6,255,91.226.182.21,10.0.2.4,80,46364,14918624,2135210411,SYN-ACK,0,HTTP,1
4,6,255,91.226.182.231,10.0.2.4,80,37916,14795232,4066216037,PSH-ACK,671,HTTP,1
4,6,255,91.226.182.231,10.0.2.4,80,37916,14795903,4066216037,FIN-ACK,0,HTTP,1
4,6,255,91.226.182.231,10.0.2.4,80,37916,14795904,4066216038,ACK,0,HTTP,1
4,6,255,91.226.182.231,10.0.2.4,80,37918,14836363,3060617342,OTH,2717,HTTP,1
4,6,255,81.169.145.83,10.0.2.4,80,43478,13678666,3753079264,ACK,10220,HTTP,1
4,6,255,81.169.145.83,10.0.2.4,80,43478,13688886,3753079264,PSH-ACK,1137,HTTP,1
4,6,255,91.226.182.231,10.0.2.4,80,37918,14839081,3060617343,ACK,0,HTTP,1
4,6,255,81.169.145.83,10.0.2.4,80,43478,13690023,3753079805,ACK,0,HTTP,1
4,6,255,91.226.182.21,10.0.2.4,80,46364,14918625,2135211023,ACK,0,HTTP,1
4,6,255,91.226.182.21,10.0.2.4,80,46362,14877494,1333367192,ACK,0,HTTP,1
4,6,255,81.169.145.83,10.0.2.4,80,43484,13775445,1447674366,ACK,0,HTTP,1
4,6,255,81.169.145.83,10.0.2.4,80,43502,14141489,311974055,ACK,0,HTTP,1
4,6,255,81.169.145.83,10.0.2.4,80,43488,13853607,1736651787,ACK,0,HTTP,1
4,6,255,81.169.145.83,10.0.2.4,80,43524,14589577,1368061064,ACK,0,HTTP,1
4,6,255,81.169.145.83,10.0.2.4,80,43486,13810352,155445293,ACK,0,HTTP,1
4,6,255,91.226.182.21,10.0.2.4,80,46366,14959755,3713278131,SYN-ACK,0,HTTP,1
4,6,255,81.169.145.83,10.0.2.4,80,43486,13810352,155445293,PSH-ACK,1306,HTTP,1
4,6,255,91.226.182.21,10.0.2.4,80,46362,14877494,1333367192,PSH-ACK,519,HTTP,1
4,6,255,91.226.182.21,10.0.2.4,80,46362,14878013,1333367192,FIN-ACK,0,HTTP,1
4,6,255,91.226.182.21,10.0.2.4,80,46362,14878014,1333367193,ACK,0,HTTP,1
4,6,255,91.226.182.231,10.0.2.4,80,37926,15000886,1751417580,SYN-ACK,0,HTTP,1
4,6,255,91.226.182.231,10.0.2.4,80,37928,15042017,4016850208,SYN-ACK,0,HTTP,1
4,6,255,91.226.182.231,10.0.2.4,80,37900,14466186,2063953067,ACK,2920,HTTP,1
4,6,255,91.226.182.231,10.0.2.4,80,37900,14469106,2063953067,ACK,4380,HTTP,1
4,6,255,91.226.182.231,10.0.2.4,80,37900,14473486,2063953067,ACK,5840,HTTP,1
4,6,255,91.226.182.231,10.0.2.4,80,37900,14479326,2063953067,PSH-ACK,1460,HTTP,1
4,6,255,91.226.182.231,10.0.2.4,80,37898,14425056,3115868823,PSH-ACK,410,HTTP,1
4,6,255,91.226.182.231,10.0.2.4,80,37898,14425466,3115868823,FIN-ACK,0,HTTP,1
4,6,255,91.226.182.231,10.0.2.4,80,37898,14425467,3115868824,ACK,0,HTTP,1
4,6,255,81.169.145.83,10.0.2.4,80,43488,13853607,1736651787,PSH-ACK,1333,HTTP,1
4,6,255,91.226.182.231,10.0.2.4,80,37926,15000887,1751417966,OTH,1777,HTTP,1
4,6,255,91.226.182.231,10.0.2.4,80,37928,15042018,4016850594,OTH,2174,HTTP,1
4,6,255,91.226.182.231,10.0.2.4,80,37900,14480786,2063953067,PSH-ACK,1460,HTTP,1
4,6,255,91.226.182.231,10.0.2.4,80,37928,15044193,4016850595,ACK,0,HTTP,1
4,6,255,91.226.182.231,10.0.2.4,80,37926,15002665,1751417967,ACK,0,HTTP,1
4,6,255,91.226.182.231,10.0.2.4,80,37900,14482246,2063953067,ACK,8760,HTTP,1
4,6,255,91.226.182.231,10.0.2.4,80,37900,14491006,2063953067,ACK,1460,HTTP,1
4,6,255,91.226.182.231,10.0.2.4,80,37900,14492466,2063953067,PSH-ACK,1460,HTTP,1
4,6,255,91.226.182.231,10.0.2.4,80,37900,14493926,2063953067,OTH,1614,HTTP,1
4,6,255,91.226.182.231,10.0.2.4,80,37900,14495541,2063953068,ACK,0,HTTP,1
4,6,255,81.169.145.83,10.0.2.4,80,43524,14589577,1368061064,ACK,2920,HTTP,1
4,6,255,81.169.145.83,10.0.2.4,80,43524,14592497,1368061064,PSH-ACK,1460,HTTP,1
4,6,255,91.226.182.21,10.0.2.4,80,46364,14918625,2135211023,PSH-ACK,1460,HTTP,1
4,6,255,91.226.182.21,10.0.2.4,80,46364,14920085,2135211023,ACK,1460,HTTP,1
4,6,255,91.226.182.21,10.0.2.4,80,46364,14921545,2135211023,OTH,706,HTTP,1
4,6,255,91.226.182.21,10.0.2.4,80,46364,14922252,2135211024,ACK,0,HTTP,1
4,6,255,81.169.145.83,10.0.2.4,80,43502,14141489,311974055,ACK,4380,HTTP,1
4,6,255,81.169.145.83,10.0.2.4,80,43502,14145869,311974055,PSH-ACK,1200,HTTP,1
4,6,255,81.169.145.83,10.0.2.4,80,43524,14593957,1368061064,ACK,5840,HTTP,1
4,6,255,81.169.145.83,10.0.2.4,80,43524,14599797,1368061064,PSH-ACK,1460,HTTP,1
4,6,255,81.169.145.83,10.0.2.4,80,43484,13775445,1447674366,PSH-ACK,1363,HTTP,1
4,6,255,91.226.182.21,10.0.2.4,80,46374,15124279,4022204511,SYN-ACK,0,HTTP,1
4,6,255,91.226.182.21,10.0.2.4,80,46372,15083148,2489971148,SYN-ACK,0,HTTP,1
4,6,255,81.169.145.83,10.0.2.4,80,43524,14601257,1368061064,ACK,5840,HTTP,1
4,6,255,81.169.145.83,10.0.2.4,80,43524,14607097,1368061064,PSH-ACK,6,HTTP,1
4,6,255,81.169.145.83,10.0.2.4,80,43478,13690023,3753079805,ACK,2920,HTTP,1
4,6,255,81.169.145.83,10.0.2.4,80,43478,13692943,3753079805,PSH-ACK,1212,HTTP,1
4,6,255,91.226.182.21,10.0.2.4,80,46376,15165410,3150598340,SYN-ACK,0,HTTP,1
4,6,255,91.226.182.21,10.0.2.4,80,46366,14959756,3713279165,OTH,2361,HTTP,1
4,6,255,91.226.182.21,10.0.2.4,80,46366,14962118,3713279166,ACK,0,HTTP,1
4,6,255,91.226.182.21,10.0.2.4,80,46374,15124280,4022204988,PSH-ACK,246,HTTP,1
4,6,255,91.226.182.21,10.0.2.4,80,46374,15124526,4022204988,FIN-ACK,0,HTTP,1
4,6,255,91.226.182.21,10.0.2.4,80,46374,15124527,4022204989,ACK,0,HTTP,1
4,6,255,91.226.182.21,10.0.2.4,80,46372,15083149,2489971760,PSH-ACK,520,HTTP,1
4,6,255,91.226.182.21,10.0.2.4,80,46372,15083669,2489971760,FIN-ACK,0,HTTP,1
4,6,255,81.169.145.83,10.0.2.4,80,43486,13811658,155445840,PSH-ACK,2920,HTTP,1
4,6,255,81.169.145.83,10.0.2.4,80,43486,13814578,155445840,OTH,0,HTTP,1
4,6,255,91.226.182.21,10.0.2.4,80,46372,15083670,2489971761,ACK,0,HTTP,1
4,6,255,104.65.22.197,10.0.2.4,443,56142,13397006,933099260,ACK,0,HTTPS,1
4,6,255,23.43.75.27,10.0.2.4,80,44508,13355734,2415334297,ACK,0,HTTP,1
4,6,255,23.43.75.27,10.0.2.4,80,44504,13273494,1717375838,ACK,0,HTTP,1
4,6,255,104.16.26.216,10.0.2.4,80,43230,13109014,2205039189,ACK,0,HTTP,1
4,6,255,172.217.23.14,10.0.2.4,80,55656,13520214,3020105595,ACK,0,HTTP,1
4,6,255,104.16.26.216,10.0.2.4,80,43230,13109014,2205039189,FIN-ACK,0,HTTP,1
4,6,255,104.65.22.197,10.0.2.4,443,56142,13397006,933099260,PSH-ACK,31,HTTPS,1
4,6,255,104.65.22.197,10.0.2.4,443,56142,13397037,933099260,FIN-ACK,0,HTTPS,1
4,6,255,23.43.75.27,10.0.2.4,80,44504,13273494,1717375838,FIN-ACK,0,HTTP,1
4,6,255,23.43.75.27,10.0.2.4,80,44508,13355734,2415334297,FIN-ACK,0,HTTP,1
4,6,255,172.217.23.14,10.0.2.4,80,55656,13520214,3020105595,FIN-ACK,0,HTTP,1
4,6,255,81.169.145.83,10.0.2.4,80,43488,13854940,1736652336,ACK,2920,HTTP,1
4,6,255,81.169.145.83,10.0.2.4,80,43488,13857860,1736652336,PSH-ACK,1264,HTTP,1
4,6,255,81.169.145.83,10.0.2.4,80,43554,15206541,3115452480,SYN-ACK,0,HTTP,1
4,6,255,91.226.182.122,10.0.2.4,80,33262,14548446,2882779716,ACK,0,HTTP,1
4,6,255,81.169.145.83,10.0.2.4,80,43554,15206542,3115453041,ACK,0,HTTP,1
4,6,255,91.226.182.21,10.0.2.4,80,46376,15165411,3150599194,ACK,0,HTTP,1
4,6,255,81.169.145.83,10.0.2.4,80,43488,13859124,1736652873,ACK,0,HTTP,1
4,6,255,81.169.145.83,10.0.2.4,80,43478,13694155,3753080354,ACK,0,HTTP,1
4,6,255,81.169.145.83,10.0.2.4,80,43524,14607103,1368061589,ACK,0,HTTP,1
4,6,255,81.169.145.83,10.0.2.4,80,43502,14147069,311974596,ACK,0,HTTP,1
4,6,255,81.169.145.83,10.0.2.4,80,43484,13776808,1447674911,ACK,0,HTTP,1
4,6,255,91.226.182.21,10.0.2.4,80,46376,15165411,3150599194,PSH-ACK,423,HTTP,1
4,6,255,91.226.182.21,10.0.2.4,80,46376,15165834,3150599194,FIN-ACK,0,HTTP,1
4,6,255,91.226.182.21,10.0.2.4,80,46376,15165835,3150599195,ACK,0,HTTP,1
4,6,255,81.169.145.83,10.0.2.4,80,43478,13694155,3753080354,PSH-ACK,4380,HTTP,1
4,6,255,81.169.145.83,10.0.2.4,80,43478,13698535,3753080354,ACK,4380,HTTP,1
4,6,255,81.169.145.83,10.0.2.4,80,43478,13702915,3753080354,PSH-ACK,1143,HTTP,1
4,6,255,81.169.145.83,10.0.2.4,80,43502,14147069,311974596,OTH,0,HTTP,1
4,6,255,81.169.145.83,10.0.2.4,80,43556,15247673,2830413718,SYN-ACK,0,HTTP,1
4,6,255,81.169.145.83,10.0.2.4,80,43484,13776808,1447674911,OTH,0,HTTP,1
4,6,255,91.226.182.231,10.0.2.4,80,37942,15329937,1761439626,SYN-ACK,0,HTTP,1
4,6,255,91.226.182.231,10.0.2.4,80,37948,15453333,1749403988,SYN-ACK,0,HTTP,1
4,6,255,91.226.182.231,10.0.2.4,80,37944,15371069,894816120,SYN-ACK,0,HTTP,1
4,6,255,91.226.182.231,10.0.2.4,80,37946,15412201,3128958358,SYN-ACK,0,HTTP,1
4,6,255,81.169.145.83,10.0.2.4,80,43558,15288805,81281813,SYN-ACK,0,HTTP,1
4,6,255,81.169.145.83,10.0.2.4,80,43524,14607103,1368061589,PSH-ACK,1009,HTTP,1
4,6,255,91.226.182.231,10.0.2.4,80,37948,15453334,1749404781,PSH-ACK,404,HTTP,1
4,6,255,91.226.182.231,10.0.2.4,80,37948,15453738,1749404781,FIN-ACK,0,HTTP,1
4,6,255,91.226.182.231,10.0.2.4,80,37948,15453739,1749404782,ACK,0,HTTP,1
4,6,255,91.226.182.231,10.0.2.4,80,37942,15329938,1761440374,ACK,2920,HTTP,1
4,6,255,91.226.182.231,10.0.2.4,80,37942,15332858,1761440374,PSH-ACK,4380,HTTP,1
4,6,255,91.226.182.231,10.0.2.4,80,37942,15337238,1761440374,PSH-ACK,2920,HTTP,1
4,6,255,91.226.182.231,10.0.2.4,80,37942,15340158,1761440374,ACK,2920,HTTP,1
4,6,255,91.226.182.231,10.0.2.4,80,37942,15343078,1761440374,PSH-ACK,1460,HTTP,1
4,6,255,91.226.182.231,10.0.2.4,80,37950,15494465,2562203259,SYN-ACK,0,HTTP,1
4,6,255,91.226.182.231,10.0.2.4,80,37942,15344538,1761440374,PSH-ACK,1460,HTTP,1
4,6,255,91.226.182.231,10.0.2.4,80,37942,15345998,1761440374,OTH,8934,HTTP,1
4,6,255,91.226.182.231,10.0.2.4,80,37942,15354933,1761440375,ACK,0,HTTP,1
4,6,255,91.226.182.231,10.0.2.4,80,37950,15494466,2562204060,ACK,0,HTTP,1
4,6,255,81.169.145.83,10.0.2.4,80,43524,14608112,1368062130,ACK,0,HTTP,1
4,6,255,81.169.145.83,10.0.2.4,80,43558,15288806,81282408,ACK,0,HTTP,1
4,6,255,81.169.145.83,10.0.2.4,80,43556,15247674,2830414251,ACK,0,HTTP,1
4,6,255,81.169.145.83,10.0.2.4,80,43478,13704058,3753080879,ACK,0,HTTP,1
4,6,255,91.226.182.231,10.0.2.4,80,37950,15494466,2562204060,PSH-ACK,1460,HTTP,1
4,6,255,91.226.182.231,10.0.2.4,80,37950,15495926,2562204060,ACK,4380,HTTP,1
4,6,255,91.226.182.231,10.0.2.4,80,37950,15500306,2562204060,ACK,5840,HTTP,1
4,6,255,91.226.182.231,10.0.2.4,80,37950,15506146,2562204060,OTH,2910,HTTP,1
4,6,255,91.226.182.231,10.0.2.4,80,37950,15509057,2562204061,ACK,0,HTTP,1
4,6,255,91.226.182.21,10.0.2.4,80,46394,15535597,4211814803,SYN-ACK,0,HTTP,1
4,6,255,91.226.182.122,10.0.2.4,80,33260,14507316,2336985996,PSH-ACK,440,HTTP,1
4,6,255,81.169.145.83,10.0.2.4,80,43488,13859124,1736652873,PSH-ACK,1460,HTTP,1
4,6,255,81.169.145.83,10.0.2.4,80,43488,13860584,1736652873,PSH-ACK,8760,HTTP,1
4,6,255,91.226.182.122,10.0.2.4,80,33260,14507756,2336985996,PSH-ACK,486,HTTP,1
4,6,255,91.226.182.122,10.0.2.4,80,33260,14508242,2336985996,FIN-ACK,0,HTTP,1
4,6,255,91.226.182.122,10.0.2.4,80,33260,14508243,2336985997,ACK,0,HTTP,1
4,6,255,81.169.145.83,10.0.2.4,80,43554,15206542,3115453041,ACK,2920,HTTP,1
4,6,255,81.169.145.83,10.0.2.4,80,43554,15209462,3115453041,PSH-ACK,1460,HTTP,1
4,6,255,81.169.145.83,10.0.2.4,80,43554,15210922,3115453041,ACK,2920,HTTP,1
4,6,255,81.169.145.83,10.0.2.4,80,43554,15213842,3115453041,PSH-ACK,1460,HTTP,1
4,6,255,81.169.145.83,10.0.2.4,80,43488,13869344,1736652873,ACK,2920,HTTP,1
4,6,255,81.169.145.83,10.0.2.4,80,43488,13872264,1736652873,PSH-ACK,655,HTTP,1
4,6,255,91.226.182.224,10.0.2.4,80,39026,15576729,3460098346,SYN-ACK,0,HTTP,1
4,6,255,91.226.182.224,10.0.2.4,80,39032,15700125,2042671077,SYN-ACK,0,HTTP,1
4,6,255,91.226.182.224,10.0.2.4,80,39034,15741257,3119871430,SYN-ACK,0,HTTP,1
4,6,255,91.226.182.224,10.0.2.4,80,39028,15617861,449475523,SYN-ACK,0,HTTP,1
4,6,255,91.226.182.224,10.0.2.4,80,39030,15658993,428485109,SYN-ACK,0,HTTP,1
4,6,255,91.226.182.224,10.0.2.4,80,39036,15782389,226245323,SYN-ACK,0,HTTP,1
4,6,255,81.169.145.83,10.0.2.4,80,43478,13704058,3753080879,PSH-ACK,16060,HTTP,1
4,6,255,91.226.182.224,10.0.2.4,80,39026,15576730,3460099142,OTH,2409,HTTP,1
4,6,255,91.226.182.224,10.0.2.4,80,39034,15741258,3119872226,OTH,2241,HTTP,1
4,6,255,91.226.182.224,10.0.2.4,80,39026,15579140,3460099143,ACK,0,HTTP,1
4,6,255,91.226.182.224,10.0.2.4,80,39034,15743500,3119872227,ACK,0,HTTP,1
4,6,255,91.226.182.224,10.0.2.4,80,39030,15658994,428485905,OTH,2296,HTTP,1
4,6,255,91.226.182.224,10.0.2.4,80,39032,15700126,2042671873,OTH,1952,HTTP,1
4,6,255,81.169.145.83,10.0.2.4,80,43554,15215302,3115453041,ACK,4380,HTTP,1
4,6,255,81.169.145.83,10.0.2.4,80,43554,15219682,3115453041,PSH-ACK,672,HTTP,1
4,6,255,91.226.182.224,10.0.2.4,80,39030,15661291,428485906,ACK,0,HTTP,1
4,6,255,91.226.182.224,10.0.2.4,80,39032,15702079,2042671874,ACK,0,HTTP,1
4,6,255,91.226.182.224,10.0.2.4,80,39036,15782390,226246119,OTH,2322,HTTP,1
4,6,255,91.226.182.224,10.0.2.4,80,39028,15617862,449476319,OTH,2480,HTTP,1
4,6,255,91.226.182.224,10.0.2.4,80,39028,15620343,449476320,ACK,0,HTTP,1
4,6,255,91.226.182.224,10.0.2.4,80,39036,15784713,226246120,ACK,0,HTTP,1
4,6,255,91.226.182.21,10.0.2.4,80,46394,15535598,4211815778,PSH-ACK,807,HTTP,1
4,6,255,91.226.182.21,10.0.2.4,80,46394,15536405,4211815778,FIN-ACK,0,HTTP,1
4,6,255,91.226.182.21,10.0.2.4,80,46394,15536406,4211815779,ACK,0,HTTP,1
4,6,255,81.169.145.83,10.0.2.4,80,43478,13720118,3753080879,PSH-ACK,11680,HTTP,1
4,6,255,91.226.182.224,10.0.2.4,80,39038,15823521,1021840388,SYN-ACK,0,HTTP,1
4,6,255,91.226.182.224,10.0.2.4,80,39040,15864653,4078684698,SYN-ACK,0,HTTP,1
4,6,255,81.169.145.83,10.0.2.4,80,43478,13731798,3753080879,PSH-ACK,14600,HTTP,1
4,6,255,81.169.145.83,10.0.2.4,80,43478,13746398,3753080879,PSH-ACK,2920,HTTP,1
4,6,255,81.169.145.83,10.0.2.4,80,43478,13749318,3753080879,PSH-ACK,13140,HTTP,1
4,6,255,81.169.145.83,10.0.2.4,80,43558,15288806,81282408,PSH-ACK,514,HTTP,1
4,6,255,91.226.182.224,10.0.2.4,80,39038,15823522,1021841184,OTH,2238,HTTP,1
4,6,255,91.226.182.224,10.0.2.4,80,39040,15864654,4078685494,OTH,2287,HTTP,1
4,6,255,91.226.182.224,10.0.2.4,80,39038,15825761,1021841185,ACK,0,HTTP,1
4,6,255,91.226.182.224,10.0.2.4,80,39040,15866942,4078685495,ACK,0,HTTP,1
4,6,255,81.169.145.83,10.0.2.4,80,43478,13762458,3753080879,ACK,4380,HTTP,1
4,6,255,81.169.145.83,10.0.2.4,80,43478,13766838,3753080879,PSH-ACK,442,HTTP,1
4,6,255,81.169.145.83,10.0.2.4,80,43478,13767280,3753080880,ACK,0,HTTP,1
4,6,255,81.169.145.83,10.0.2.4,80,43556,15247674,2830414251,ACK,1460,HTTP,1
4,6,255,81.169.145.83,10.0.2.4,80,43556,15249134,2830414251,PSH-ACK,1375,HTTP,1
4,6,255,81.169.145.83,10.0.2.4,80,43478,13767280,3753080880,FIN-ACK,0,HTTP,1
4,6,255,91.226.182.122,10.0.2.4,80,33262,14548446,2882779716,PSH-ACK,587,HTTP,1
4,6,255,91.226.182.122,10.0.2.4,80,33262,14549033,2882779716,PSH-ACK,226,HTTP,1
4,6,255,91.226.182.122,10.0.2.4,80,33262,14549259,2882779716,FIN-ACK,0,HTTP,1
4,6,255,91.226.182.122,10.0.2.4,80,33262,14549260,2882779717,ACK,0,HTTP,1
4,6,255,81.169.145.83,10.0.2.4,80,43524,14608112,1368062130,OTH,0,HTTP,1
4,6,255,81.169.145.83,10.0.2.4,80,43556,15250509,2830414792,ACK,0,HTTP,1
4,6,255,81.169.145.83,10.0.2.4,80,43554,15220354,3115453649,ACK,0,HTTP,1
4,6,255,81.169.145.83,10.0.2.4,80,43488,13872919,1736653418,ACK,0,HTTP,1
4,6,255,91.226.182.224,10.0.2.4,80,39042,15905785,3136999673,SYN-ACK,0,HTTP,1
4,6,255,91.226.182.224,10.0.2.4,80,39044,15946917,2555484700,SYN-ACK,0,HTTP,1
4,6,255,91.226.182.224,10.0.2.4,80,39042,15905786,3137000066,ACK,2920,HTTP,1
4,6,255,91.226.182.224,10.0.2.4,80,39042,15908706,3137000066,ACK,2920,HTTP,1
4,6,255,91.226.182.224,10.0.2.4,80,39042,15911626,3137000066,PSH-ACK,1460,HTTP,1
4,6,255,91.226.182.224,10.0.2.4,80,39042,15913086,3137000066,OTH,4299,HTTP,1
4,6,255,91.226.182.224,10.0.2.4,80,39042,15917386,3137000067,ACK,0,HTTP,1
4,6,255,81.169.145.83,10.0.2.4,80,43488,13872919,1736653418,OTH,0,HTTP,1
4,6,255,81.169.145.83,10.0.2.4,80,43554,15220354,3115453649,PSH-ACK,517,HTTP,1
4,6,255,81.169.145.83,10.0.2.4,80,43556,15250509,2830414792,OTH,0,HTTP,1
4,6,255,81.169.145.83,10.0.2.4,80,43592,15988050,4108913283,SYN-ACK,0,HTTP,1
4,6,255,81.169.145.83,10.0.2.4,80,43554,15220871,3115454267,PSH-ACK,974,HTTP,1
4,6,255,81.169.145.83,10.0.2.4,80,43558,15289320,81282953,ACK,0,HTTP,1
4,6,255,81.169.145.83,10.0.2.4,80,43558,15289320,81282953,OTH,0,HTTP,1
4,6,255,81.169.145.83,10.0.2.4,80,43554,15221845,3115454812,ACK,0,HTTP,1
4,6,255,81.169.145.83,10.0.2.4,80,43592,15988051,4108913824,ACK,0,HTTP,1
4,6,255,81.169.145.83,10.0.2.4,80,43592,15988051,4108913824,OTH,0,HTTP,1
4,6,255,81.169.145.83,10.0.2.4,80,43554,15221845,3115454812,OTH,0,HTTP,1
4,6,255,81.169.145.83,10.0.2.4,80,43594,16029183,162137965,SYN-ACK,0,HTTP,1
4,6,255,81.169.145.83,10.0.2.4,80,43594,16029184,162138510,ACK,0,HTTP,1
4,6,255,81.169.145.83,10.0.2.4,80,43594,16029184,162138510,OTH,0,HTTP,1
4,6,255,54.72.137.132,10.0.2.4,443,54120,12865819,1691487099,ACK,0,HTTPS,1
4,6,255,52.24.123.95,10.0.2.4,443,43460,12783558,104387891,ACK,0,HTTPS,1
4,6,255,54.230.0.251,10.0.2.4,443,37090,12911312,563925489,ACK,0,HTTPS,1
4,6,255,104.16.26.216,10.0.2.4,80,43228,13070037,3817017542,ACK,0,HTTP,1
4,6,255,23.43.75.27,10.0.2.4,80,44500,13193368,274240032,ACK,0,HTTP,1
4,6,255,23.43.75.27,10.0.2.4,80,44506,13316562,3296243720,ACK,0,HTTP,1
4,6,255,172.217.23.14,10.0.2.4,80,55642,13232759,952365877,ACK,0,HTTP,1
4,6,255,104.65.22.197,10.0.2.4,443,56124,13033134,3325983608,ACK,0,HTTPS,1
4,6,255,172.217.23.14,10.0.2.4,80,55654,13479840,1047334682,ACK,0,HTTP,1
