Version,Protocol,SrcAddr,DestAddr,SrcPort,DestPort,SeqNum,dataSize
4,6,52.24.123.95,192.168.54.18,443,38822,857988,0
4,6,52.24.123.95,192.168.54.18,443,38822,857989,0
4,6,52.24.123.95,192.168.54.18,443,38822,857989,2920
4,6,52.24.123.95,192.168.54.18,443,38822,860909,21
4,6,93.184.220.29,192.168.54.18,80,52764,864107,0
4,6,93.184.220.29,192.168.54.18,80,52764,864108,788
4,6,52.24.123.95,192.168.54.18,443,38822,860930,0
4,6,52.49.28.239,192.168.54.18,443,41080,870226,0
4,6,52.24.123.95,192.168.54.18,443,38822,860930,258
4,6,52.49.28.239,192.168.54.18,443,41080,870227,2920
4,6,52.49.28.239,192.168.54.18,443,41080,873147,31
4,6,52.49.28.239,192.168.54.18,443,41080,873178,258
4,6,93.184.220.29,192.168.54.18,80,52764,864896,788
4,6,52.24.123.95,192.168.54.18,443,38822,861188,295
4,6,52.49.28.239,192.168.54.18,443,41080,873436,331
4,6,54.230.197.92,192.168.54.18,443,39322,876346,0
4,6,54.230.197.92,192.168.54.18,443,39322,876347,0
4,6,54.230.197.92,192.168.54.18,443,39322,876347,2920
4,6,54.230.197.92,192.168.54.18,443,39322,879267,1460
4,6,54.230.197.92,192.168.54.18,443,39322,880727,4
4,6,54.230.197.92,192.168.54.18,443,39322,880731,0
4,6,54.230.197.92,192.168.54.18,443,39322,880731,258
4,6,54.230.197.92,192.168.54.18,443,39322,880989,2920
4,6,54.230.197.92,192.168.54.18,443,39322,883909,261
4,6,192.168.54.17,192.168.54.18,80,60462,2902623477,0
4,6,192.168.54.17,192.168.54.18,80,60462,2902623478,0
4,6,192.168.54.17,192.168.54.18,80,60462,2902623478,578
4,6,192.168.54.17,192.168.54.18,80,60462,2902624056,3281
4,6,192.168.54.17,192.168.54.18,80,60462,2902627337,12691
4,6,192.168.54.17,192.168.54.18,80,60462,2902640028,504
4,6,192.168.54.17,192.168.54.18,80,60462,2902640532,504
4,6,192.168.54.17,192.168.54.18,80,60462,2902641036,0
4,6,192.168.54.17,192.168.54.18,80,60476,3746017800,0
4,6,192.168.54.17,192.168.54.18,80,60476,3746017801,0
4,6,192.168.54.17,192.168.54.18,80,60476,3746017801,388
4,6,192.168.54.17,192.168.54.18,80,60462,2902641036,443
4,6,192.168.54.17,192.168.54.18,80,60462,2902641479,0
4,6,192.168.54.17,192.168.54.18,80,60476,3746018189,0
4,6,192.168.54.17,192.168.54.18,80,60476,3746018189,443
4,6,192.168.54.17,192.168.54.18,80,60476,3746018632,0
4,6,192.168.54.17,192.168.54.18,80,60476,3746018632,1346
4,6,192.168.54.17,192.168.54.18,80,60476,3746019978,387
4,6,192.168.54.17,192.168.54.18,80,60476,3746020365,0
4,6,52.24.153.184,192.168.54.18,443,42272,900837,0
4,6,52.24.153.184,192.168.54.18,443,42272,900838,0
4,6,52.24.153.184,192.168.54.18,443,42272,900838,2920
4,6,52.24.153.184,192.168.54.18,443,42272,903758,91
4,6,93.184.220.29,192.168.54.18,80,52764,865684,788
4,6,52.24.153.184,192.168.54.18,443,42272,903849,0
4,6,52.24.153.184,192.168.54.18,443,42272,903849,258
4,6,192.168.54.17,192.168.54.18,80,60476,3746020365,8688
4,6,192.168.54.17,192.168.54.18,80,60476,3746029053,419
4,6,192.168.54.17,192.168.54.18,80,60476,3746029472,0
4,6,192.168.54.17,192.168.54.18,80,60488,2859366340,0
4,6,192.168.54.17,192.168.54.18,80,60488,2859366341,0
4,6,192.168.54.17,192.168.54.18,80,60490,770468735,0
4,6,192.168.54.17,192.168.54.18,80,60490,770468736,0
4,6,192.168.54.17,192.168.54.18,80,60492,1084303110,0
4,6,192.168.54.17,192.168.54.18,80,60492,1084303111,0
4,6,192.168.54.17,192.168.54.18,80,60494,2396934440,0
4,6,192.168.54.17,192.168.54.18,80,60494,2396934441,0
4,6,192.168.54.17,192.168.54.18,80,60496,336521860,0
4,6,192.168.54.17,192.168.54.18,80,60496,336521861,0
4,6,192.168.54.17,192.168.54.18,80,60476,3746029472,17376
4,6,192.168.54.17,192.168.54.18,80,60476,3746046848,12543
4,6,52.24.153.184,192.168.54.18,443,42272,904107,381
4,6,54.230.197.228,192.168.54.18,443,46536,919212,0
4,6,54.230.197.228,192.168.54.18,443,46536,919213,2920
4,6,54.230.197.228,192.168.54.18,443,46536,922133,1460
4,6,54.230.197.228,192.168.54.18,443,46536,923593,4
4,6,54.230.197.228,192.168.54.18,443,46536,923597,0
4,6,54.230.197.228,192.168.54.18,443,46536,923597,258
4,6,192.168.54.17,192.168.54.18,80,60488,2859366341,1179
4,6,54.230.197.228,192.168.54.18,443,46536,923855,1460
4,6,54.230.197.228,192.168.54.18,443,46536,925315,4380
4,6,54.230.197.228,192.168.54.18,443,46536,929695,5840
4,6,54.230.197.228,192.168.54.18,443,46536,935535,4380
4,6,54.230.197.228,192.168.54.18,443,46536,939915,1460
4,6,54.230.197.228,192.168.54.18,443,46536,941375,7300
4,6,54.230.197.228,192.168.54.18,443,46536,948675,4380
4,6,54.230.197.228,192.168.54.18,443,46536,953055,2920
4,6,54.230.197.228,192.168.54.18,443,46536,955975,1190
4,6,54.230.197.228,192.168.54.18,443,46536,957165,1460
4,6,54.230.197.228,192.168.54.18,443,46536,958625,4380
4,6,54.230.197.228,192.168.54.18,443,46536,963005,8760
4,6,54.230.197.228,192.168.54.18,443,46536,971765,1460
4,6,54.230.197.228,192.168.54.18,443,46536,973225,5840
4,6,54.230.197.228,192.168.54.18,443,46536,979065,388
4,6,54.230.197.228,192.168.54.18,443,46536,979453,485
4,6,54.230.197.228,192.168.54.18,443,46536,979938,14600
4,6,54.230.197.228,192.168.54.18,443,46536,994538,5840
4,6,54.230.197.228,192.168.54.18,443,46536,1000378,8760
4,6,54.230.197.228,192.168.54.18,443,46536,1009138,5840
4,6,54.230.197.228,192.168.54.18,443,46536,1014978,4380
4,6,54.230.197.228,192.168.54.18,443,46536,1019358,706
4,6,54.230.197.228,192.168.54.18,443,46536,1020064,10220
4,6,54.230.197.228,192.168.54.18,443,46536,1030284,5840
4,6,54.230.197.228,192.168.54.18,443,46536,1036124,7300
4,6,54.230.197.228,192.168.54.18,443,46536,1043424,7300
4,6,54.230.197.228,192.168.54.18,443,46536,1050724,1460
4,6,54.230.197.228,192.168.54.18,443,46536,1052184,1460
4,6,54.230.197.228,192.168.54.18,443,46536,1053644,2920
4,6,54.230.197.228,192.168.54.18,443,46536,1056564,5840
4,6,54.230.197.228,192.168.54.18,443,46536,1062404,5840
4,6,54.230.197.228,192.168.54.18,443,46536,1068244,1460
4,6,54.230.197.228,192.168.54.18,443,46536,1069704,11680
4,6,54.230.197.228,192.168.54.18,443,46536,1081384,2920
4,6,54.230.197.228,192.168.54.18,443,46536,1084304,1460
4,6,54.230.197.228,192.168.54.18,443,46536,1085764,5840
4,6,54.230.197.228,192.168.54.18,443,46536,1091604,4380
4,6,54.230.197.228,192.168.54.18,443,46536,1095984,8760
4,6,54.230.197.228,192.168.54.18,443,46536,1104744,1460
4,6,54.230.197.228,192.168.54.18,443,46536,1106204,4380
4,6,54.230.197.228,192.168.54.18,443,46536,1110584,5840
4,6,54.230.197.228,192.168.54.18,443,46536,1116424,8760
4,6,54.230.197.228,192.168.54.18,443,46536,1125184,16060
4,6,54.230.197.228,192.168.54.18,443,46536,1141244,4380
4,6,54.230.197.228,192.168.54.18,443,46536,1145624,2920
4,6,54.230.197.228,192.168.54.18,443,46536,1148544,1460
4,6,54.230.197.228,192.168.54.18,443,46536,1150004,8760
4,6,54.230.197.228,192.168.54.18,443,46536,1158764,7300
4,6,54.230.197.228,192.168.54.18,443,46536,1166064,5840
4,6,54.230.197.228,192.168.54.18,443,46536,1171904,7300
4,6,54.230.197.228,192.168.54.18,443,46536,1179204,1460
4,6,54.230.197.228,192.168.54.18,443,46536,1180664,2920
4,6,54.230.197.228,192.168.54.18,443,46536,1183584,2920
4,6,54.230.197.228,192.168.54.18,443,46536,1186504,8760
4,6,54.230.197.228,192.168.54.18,443,46536,1195264,2920
4,6,54.230.197.228,192.168.54.18,443,46536,1198184,5840
4,6,54.230.197.228,192.168.54.18,443,46536,1204024,1460
4,6,54.230.197.228,192.168.54.18,443,46536,1205484,7300
4,6,54.230.197.228,192.168.54.18,443,46536,1212784,2920
4,6,54.230.197.228,192.168.54.18,443,46536,1215704,7300
4,6,54.230.197.228,192.168.54.18,443,46536,1223004,4380
4,6,54.230.197.228,192.168.54.18,443,46536,1227384,8760
4,6,54.230.197.228,192.168.54.18,443,46536,1236144,5840
4,6,54.230.197.228,192.168.54.18,443,46536,1241984,2920
4,6,54.230.197.228,192.168.54.18,443,46536,1244904,5840
4,6,54.230.197.228,192.168.54.18,443,46536,1250744,8760
4,6,54.230.197.228,192.168.54.18,443,46536,1259504,1460
4,6,54.230.197.228,192.168.54.18,443,46536,1260964,11680
4,6,54.230.197.228,192.168.54.18,443,46536,1272644,4380
4,6,54.230.197.228,192.168.54.18,443,46536,1277024,2920
4,6,54.230.197.228,192.168.54.18,443,46536,1279944,4380
4,6,54.230.197.228,192.168.54.18,443,46536,1284324,4380
4,6,54.230.197.228,192.168.54.18,443,46536,1288704,1460
4,6,192.168.54.17,192.168.54.18,80,60490,770468736,835
4,6,54.230.197.228,192.168.54.18,443,46536,1290164,44
4,6,192.168.54.17,192.168.54.18,80,60492,1084303111,824
4,6,192.168.54.17,192.168.54.18,80,60494,2396934441,6495
4,6,192.168.54.17,192.168.54.18,80,60476,3746059391,0
4,6,192.168.54.17,192.168.54.18,80,60494,2396940936,0
4,6,192.168.54.17,192.168.54.18,80,60488,2859367520,0
4,6,192.168.54.17,192.168.54.18,80,60490,770469571,0
4,6,192.168.54.17,192.168.54.18,80,60492,1084303935,0
4,6,192.168.54.17,192.168.54.18,80,60496,336521861,1530
4,6,192.168.54.17,192.168.54.18,80,60496,336523391,0
4,6,192.168.54.17,192.168.54.18,80,60476,3746059391,10918
4,6,192.168.54.17,192.168.54.18,80,60476,3746070309,369
4,6,192.168.54.17,192.168.54.18,80,60476,3746070678,0
4,6,192.168.54.17,192.168.54.18,80,60494,2396940936,459
4,6,192.168.54.17,192.168.54.18,80,60494,2396941395,0
4,6,192.168.54.17,192.168.54.18,80,60488,2859367520,576
4,6,192.168.54.17,192.168.54.18,80,60488,2859368096,0
4,6,192.168.54.17,192.168.54.18,80,60490,770469571,10914
4,6,192.168.54.17,192.168.54.18,80,60490,770480485,8736
4,6,192.168.54.17,192.168.54.18,80,60492,1084303935,9738
4,6,192.168.54.17,192.168.54.18,80,60492,1084313673,8406
4,6,192.168.54.17,192.168.54.18,80,60492,1084322079,8406
4,6,192.168.54.17,192.168.54.18,80,60492,1084330485,9438
4,6,192.168.54.17,192.168.54.18,80,60492,1084339923,8406
4,6,192.168.54.17,192.168.54.18,80,60492,1084348329,4008
4,6,192.168.54.17,192.168.54.18,80,60496,336523391,9759
4,6,192.168.54.17,192.168.54.18,80,60496,336533150,2180
4,6,192.168.54.17,192.168.54.18,80,60476,3746070678,5792
4,6,192.168.54.17,192.168.54.18,80,60476,3746076470,3946
4,6,192.168.54.17,192.168.54.18,80,60476,3746080416,8406
4,6,192.168.54.17,192.168.54.18,80,60476,3746088822,7682
4,6,192.168.54.17,192.168.54.18,80,60494,2396941395,9759
4,6,192.168.54.17,192.168.54.18,80,60494,2396951154,8406
4,6,192.168.54.17,192.168.54.18,80,60494,2396959560,6198
4,6,192.168.54.17,192.168.54.18,80,60488,2859368096,10922
4,6,192.168.54.17,192.168.54.18,80,60488,2859379018,6960
4,6,62.149.140.114,192.168.54.18,80,47072,1004981,0
4,6,62.149.140.114,192.168.54.18,80,47072,1004982,2920
4,6,62.149.140.114,192.168.54.18,80,47072,1007902,2920
4,6,62.149.140.114,192.168.54.18,80,47072,1010822,1424
4,6,62.149.140.114,192.168.54.18,80,47072,1012246,1460
4,6,62.149.140.114,192.168.54.18,80,47072,1013706,5840
4,6,62.149.140.114,192.168.54.18,80,47072,1019546,7300
4,6,62.149.140.114,192.168.54.18,80,47072,1026846,10220
4,6,62.149.140.114,192.168.54.18,80,47072,1037066,4380
4,6,62.149.140.114,192.168.54.18,80,47072,1041446,1460
4,6,62.149.140.114,192.168.54.18,80,47072,1042906,2920
4,6,62.149.140.114,192.168.54.18,80,47072,1045826,1460
4,6,62.149.140.114,192.168.54.18,80,47072,1047286,605
4,6,62.149.140.114,192.168.54.18,80,47072,1047891,8760
4,6,62.149.140.114,192.168.54.18,80,47072,1056651,1460
4,6,62.149.140.114,192.168.54.18,80,47072,1058111,7300
4,6,62.149.140.114,192.168.54.18,80,47072,1065411,14600
4,6,62.149.140.114,192.168.54.18,80,47072,1080011,5840
4,6,62.149.140.114,192.168.54.18,80,47072,1085851,8760
4,6,62.149.140.114,192.168.54.18,80,47072,1094611,2920
4,6,62.149.140.114,192.168.54.18,80,47072,1097531,11680
4,6,62.149.140.114,192.168.54.18,80,47072,1109211,14600
4,6,62.149.140.114,192.168.54.18,80,47072,1123811,1460
4,6,62.149.140.114,192.168.54.18,80,47072,1125271,10220
4,6,62.149.140.114,192.168.54.18,80,47072,1135491,0
4,6,62.149.140.114,192.168.54.18,80,47072,1135491,16060
4,6,62.149.140.114,192.168.54.18,80,47086,1011110,0
4,6,62.149.140.114,192.168.54.18,80,47088,1017239,0
4,6,62.149.140.114,192.168.54.18,80,47088,1017240,2920
4,6,62.149.140.114,192.168.54.18,80,47088,1020160,4380
4,6,62.149.140.114,192.168.54.18,80,47088,1024540,4380
4,6,62.149.140.114,192.168.54.18,80,47088,1028920,1460
4,6,62.149.140.114,192.168.54.18,80,47088,1030380,1460
4,6,62.149.140.114,192.168.54.18,80,47088,1031840,5840
4,6,62.149.140.114,192.168.54.18,80,47088,1037680,4380
4,6,62.149.140.114,192.168.54.18,80,47088,1042060,4380
4,6,62.149.140.114,192.168.54.18,80,47088,1046440,2920
4,6,62.149.140.114,192.168.54.18,80,47088,1049360,1460
4,6,62.149.140.114,192.168.54.18,80,47086,1011111,0
4,6,62.149.140.114,192.168.54.18,80,47088,1050820,1460
4,6,62.149.140.114,192.168.54.18,80,47088,1052280,10220
4,6,62.149.140.114,192.168.54.18,80,47088,1062500,2920
4,6,62.149.140.114,192.168.54.18,80,47088,1065420,1460
4,6,62.149.140.114,192.168.54.18,80,47088,1066880,8760
4,6,62.149.140.114,192.168.54.18,80,47088,1075640,1460
4,6,62.149.140.114,192.168.54.18,80,47088,1077100,2920
4,6,62.149.140.114,192.168.54.18,80,47088,1080020,4380
4,6,62.149.140.114,192.168.54.18,80,47088,1084400,8760
4,6,62.149.140.114,192.168.54.18,80,47088,1093160,7300
4,6,62.149.140.114,192.168.54.18,80,47088,1100460,11680
4,6,62.149.140.114,192.168.54.18,80,47088,1112140,2920
4,6,62.149.140.114,192.168.54.18,80,47088,1115060,5840
4,6,62.149.140.114,192.168.54.18,80,47088,1120900,1460
4,6,62.149.140.114,192.168.54.18,80,47088,1122360,8760
4,6,62.149.140.114,192.168.54.18,80,47088,1131120,5840
4,6,62.149.140.114,192.168.54.18,80,47088,1136960,2920
4,6,62.149.140.114,192.168.54.18,80,47088,1139880,5840
4,6,62.149.140.114,192.168.54.18,80,47088,1145720,2920
4,6,62.149.140.114,192.168.54.18,80,47088,1148640,1460
4,6,62.149.140.114,192.168.54.18,80,47088,1150100,1460
4,6,62.149.140.114,192.168.54.18,80,47088,1151560,2920
4,6,62.149.140.114,192.168.54.18,80,47088,1154480,1460
4,6,62.149.140.114,192.168.54.18,80,47088,1155940,2920
4,6,62.149.140.114,192.168.54.18,80,47088,1158860,8760
4,6,62.149.140.114,192.168.54.18,80,47088,1167620,1460
4,6,62.149.140.114,192.168.54.18,80,47088,1169080,1460
4,6,62.149.140.114,192.168.54.18,80,47088,1170540,1460
4,6,62.149.140.114,192.168.54.18,80,47088,1172000,2920
4,6,62.149.140.114,192.168.54.18,80,47088,1174920,4380
4,6,62.149.140.114,192.168.54.18,80,47088,1179300,4380
4,6,62.149.140.114,192.168.54.18,80,47088,1183680,1460
4,6,62.149.140.114,192.168.54.18,80,47088,1185140,4380
4,6,62.149.140.114,192.168.54.18,80,47088,1189520,8760
4,6,62.149.140.114,192.168.54.18,80,47088,1198280,8760
4,6,62.149.140.114,192.168.54.18,80,47088,1207040,7300
4,6,62.149.140.114,192.168.54.18,80,47088,1214340,2920
4,6,62.149.140.114,192.168.54.18,80,47088,1217260,2920
4,6,62.149.140.114,192.168.54.18,80,47088,1220180,10220
4,6,62.149.140.114,192.168.54.18,80,47088,1230400,2920
4,6,62.149.140.114,192.168.54.18,80,47088,1233320,13140
4,6,62.149.140.114,192.168.54.18,80,47088,1246460,10220
4,6,62.149.140.114,192.168.54.18,80,47088,1256680,7300
4,6,62.149.140.114,192.168.54.18,80,47088,1263980,1460
4,6,62.149.140.114,192.168.54.18,80,47088,1265440,7300
4,6,62.149.140.114,192.168.54.18,80,47088,1272740,5840
4,6,62.149.140.114,192.168.54.18,80,47088,1278580,2920
4,6,62.149.140.114,192.168.54.18,80,47088,1281500,14600
4,6,62.149.140.114,192.168.54.18,80,47088,1296100,16060
4,6,62.149.140.114,192.168.54.18,80,47088,1312160,13140
4,6,62.149.140.114,192.168.54.18,80,47088,1325300,1298
4,6,62.149.140.114,192.168.54.18,80,47086,1011111,469
4,6,62.149.140.114,192.168.54.18,80,47088,1326598,0
4,6,62.149.140.114,192.168.54.18,80,47088,1326598,1349
4,6,62.149.140.114,192.168.54.18,80,47088,1327947,5
4,6,62.149.140.114,192.168.54.18,80,47088,1327952,0
4,6,62.149.140.114,192.168.54.18,80,47088,1327952,411
4,6,62.149.140.114,192.168.54.18,80,47088,1328363,0
4,6,62.149.140.114,192.168.54.18,80,47088,1328363,14600
4,6,62.149.140.114,192.168.54.18,80,47088,1342963,2920
4,6,62.149.140.114,192.168.54.18,80,47088,1345883,11680
4,6,62.149.140.114,192.168.54.18,80,47096,1023371,0
4,6,62.149.140.114,192.168.54.18,80,47098,1029503,0
4,6,62.149.140.114,192.168.54.18,80,47100,1035635,0
4,6,62.149.140.114,192.168.54.18,80,47102,1041767,0
4,6,62.149.140.114,192.168.54.18,80,47088,1357563,2920
4,6,62.149.140.114,192.168.54.18,80,47088,1360483,2920
4,6,62.149.140.114,192.168.54.18,80,47088,1363403,1082
4,6,62.149.140.114,192.168.54.18,80,47088,1364485,0
4,6,62.149.140.114,192.168.54.18,80,47100,1035636,0
4,6,62.149.140.114,192.168.54.18,80,47102,1041768,0
4,6,62.149.140.114,192.168.54.18,80,47096,1023372,0
4,6,62.149.140.114,192.168.54.18,80,47098,1029504,0
4,6,62.149.140.114,192.168.54.18,80,47086,1011580,0
4,6,62.149.140.114,192.168.54.18,80,47086,1011580,4380
4,6,62.149.140.114,192.168.54.18,80,47086,1015960,5840
4,6,62.149.140.114,192.168.54.18,80,47086,1021800,4380
4,6,62.149.140.114,192.168.54.18,80,47086,1026180,8760
4,6,62.149.140.114,192.168.54.18,80,47086,1034940,5840
4,6,62.149.140.114,192.168.54.18,80,47086,1040780,1460
4,6,62.149.140.114,192.168.54.18,80,47086,1042240,11680
4,6,62.149.140.114,192.168.54.18,80,47086,1053920,1460
4,6,62.149.140.114,192.168.54.18,80,47086,1055380,1460
4,6,62.149.140.114,192.168.54.18,80,47086,1056840,2920
4,6,62.149.140.114,192.168.54.18,80,47086,1059760,2920
4,6,62.149.140.114,192.168.54.18,80,47088,1364485,1460
4,6,62.149.140.114,192.168.54.18,80,47086,1062680,4380
4,6,62.149.140.114,192.168.54.18,80,47086,1067060,7300
4,6,62.149.140.114,192.168.54.18,80,47086,1074360,2920
4,6,62.149.140.114,192.168.54.18,80,47086,1077280,8760
4,6,62.149.140.114,192.168.54.18,80,47086,1086040,2920
4,6,62.149.140.114,192.168.54.18,80,47088,1365945,79
4,6,62.149.140.114,192.168.54.18,80,47086,1088960,8760
4,6,62.149.140.114,192.168.54.18,80,47086,1097720,5840
4,6,62.149.140.114,192.168.54.18,80,47086,1103560,7300
4,6,62.149.140.114,192.168.54.18,80,47086,1110860,7300
4,6,62.149.140.114,192.168.54.18,80,47086,1118160,2920
4,6,62.149.140.114,192.168.54.18,80,47086,1121080,2920
4,6,62.149.140.114,192.168.54.18,80,47086,1124000,2920
4,6,62.149.140.114,192.168.54.18,80,47086,1126920,14600
4,6,62.149.140.114,192.168.54.18,80,47086,1141520,14600
4,6,62.149.140.114,192.168.54.18,80,47086,1156120,2920
4,6,62.149.140.114,192.168.54.18,80,47086,1159040,4380
4,6,62.149.140.114,192.168.54.18,80,47086,1163420,4380
4,6,62.149.140.114,192.168.54.18,80,47086,1167800,13140
4,6,62.149.140.114,192.168.54.18,80,47086,1180940,7300
4,6,62.149.140.114,192.168.54.18,80,47086,1188240,17520
4,6,62.149.140.114,192.168.54.18,80,47086,1205760,2920
4,6,62.149.140.114,192.168.54.18,80,47086,1208680,2920
4,6,62.149.140.114,192.168.54.18,80,47086,1211600,8760
4,6,62.149.140.114,192.168.54.18,80,47098,1029504,1460
4,6,62.149.140.114,192.168.54.18,80,47098,1030964,51
4,6,62.149.140.114,192.168.54.18,80,47098,1031015,5
4,6,62.149.140.114,192.168.54.18,80,47086,1220360,1460
4,6,62.149.140.114,192.168.54.18,80,47086,1221820,1233
4,6,62.149.140.114,192.168.54.18,80,47096,1023372,2920
4,6,62.149.140.114,192.168.54.18,80,47096,1026292,984
4,6,62.149.140.114,192.168.54.18,80,47096,1027276,5
4,6,62.149.140.114,192.168.54.18,80,47100,1035636,1325
4,6,62.149.140.114,192.168.54.18,80,47100,1036961,5
4,6,62.149.140.114,192.168.54.18,80,47102,1041768,2920
4,6,62.149.140.114,192.168.54.18,80,47102,1044688,4380
4,6,62.149.140.114,192.168.54.18,80,47102,1049068,4380
4,6,62.149.140.114,192.168.54.18,80,47102,1053448,1460
4,6,62.149.140.114,192.168.54.18,80,47102,1054908,1460
4,6,62.149.140.114,192.168.54.18,80,47102,1056368,2920
4,6,62.149.140.114,192.168.54.18,80,47102,1059288,7300
4,6,62.149.140.114,192.168.54.18,80,47102,1066588,1460
4,6,62.149.140.114,192.168.54.18,80,47102,1068048,4380
4,6,62.149.140.114,192.168.54.18,80,47102,1072428,14600
4,6,62.149.140.114,192.168.54.18,80,47102,1087028,5840
4,6,62.149.140.114,192.168.54.18,80,47102,1092868,10220
4,6,62.149.140.114,192.168.54.18,80,47102,1103088,4380
4,6,62.149.140.114,192.168.54.18,80,47102,1107468,7300
4,6,62.149.140.114,192.168.54.18,80,47102,1114768,1460
4,6,62.149.140.114,192.168.54.18,80,47102,1116228,8760
4,6,62.149.140.114,192.168.54.18,80,47102,1124988,2920
4,6,62.149.140.114,192.168.54.18,80,47102,1127908,1460
4,6,62.149.140.114,192.168.54.18,80,47102,1129368,4380
4,6,62.149.140.114,192.168.54.18,80,47102,1133748,7300
4,6,62.149.140.114,192.168.54.18,80,47102,1141048,1460
4,6,62.149.140.114,192.168.54.18,80,47102,1142508,2920
4,6,62.149.140.114,192.168.54.18,80,47102,1145428,2920
4,6,62.149.140.114,192.168.54.18,80,47102,1148348,560
4,6,62.149.140.114,192.168.54.18,80,47100,1036966,0
4,6,62.149.140.114,192.168.54.18,80,47098,1031020,0
4,6,62.149.140.114,192.168.54.18,80,47096,1027281,0
4,6,62.149.140.114,192.168.54.18,80,47102,1148908,0
4,6,62.149.140.114,192.168.54.18,80,47086,1223053,0
4,6,62.149.140.114,192.168.54.18,80,47088,1366024,0
4,6,62.149.140.114,192.168.54.18,80,47098,1031020,7300
4,6,62.149.140.114,192.168.54.18,80,47098,1038320,5840
4,6,62.149.140.114,192.168.54.18,80,47098,1044160,655
4,6,62.149.140.114,192.168.54.18,80,47098,1044815,4380
4,6,62.149.140.114,192.168.54.18,80,47098,1049195,7300
4,6,62.149.140.114,192.168.54.18,80,47098,1056495,4380
4,6,62.149.140.114,192.168.54.18,80,47098,1060875,1247
4,6,62.149.140.114,192.168.54.18,80,47098,1062122,10220
4,6,62.149.140.114,192.168.54.18,80,47098,1072342,5840
4,6,62.149.140.114,192.168.54.18,80,47098,1078182,1213
4,6,62.149.140.114,192.168.54.18,80,47102,1148908,586
4,6,62.149.140.114,192.168.54.18,80,47102,1149494,0
4,6,62.149.140.114,192.168.54.18,80,47098,1079395,0
4,6,62.149.140.114,192.168.54.18,80,47088,1366024,10220
4,6,62.149.140.114,192.168.54.18,80,47088,1376244,708
4,6,62.149.140.114,192.168.54.18,80,47088,1376952,369
4,6,62.149.140.114,192.168.54.18,80,47086,1223053,469
4,6,62.149.140.114,192.168.54.18,80,47096,1027281,7300
4,6,62.149.140.114,192.168.54.18,80,47096,1034581,2920
4,6,62.149.140.114,192.168.54.18,80,47096,1037501,704
4,6,62.149.140.114,192.168.54.18,80,47096,1038205,1460
4,6,62.149.140.114,192.168.54.18,80,47096,1039665,1460
4,6,62.149.140.114,192.168.54.18,80,47088,1377321,0
4,6,62.149.140.114,192.168.54.18,80,47096,1041125,1460
4,6,62.149.140.114,192.168.54.18,80,47096,1042585,1460
4,6,62.149.140.114,192.168.54.18,80,47096,1044045,1460
4,6,62.149.140.114,192.168.54.18,80,47096,1045505,1436
4,6,62.149.140.114,192.168.54.18,80,47100,1036966,5840
4,6,62.149.140.114,192.168.54.18,80,47100,1042806,2920
4,6,62.149.140.114,192.168.54.18,80,47100,1045726,889
4,6,62.149.140.114,192.168.54.18,80,47100,1046615,1460
4,6,62.149.140.114,192.168.54.18,80,47100,1048075,803
4,6,62.149.140.114,192.168.54.18,80,47088,1377321,2920
4,6,62.149.140.114,192.168.54.18,80,47088,1380241,2920
4,6,62.149.140.114,192.168.54.18,80,47088,1383161,4380
4,6,62.149.140.114,192.168.54.18,80,47088,1387541,689
4,6,62.149.140.114,192.168.54.18,80,47088,1388230,2920
4,6,62.149.140.114,192.168.54.18,80,47088,1391150,2920
4,6,62.149.140.114,192.168.54.18,80,47088,1394070,1127
4,6,192.168.54.17,192.168.54.18,80,60490,770489221,0
4,6,192.168.54.17,192.168.54.18,80,60490,770489222,0
4,6,62.149.140.114,192.168.54.18,80,47102,1149494,8760
4,6,62.149.140.114,192.168.54.18,80,47102,1158254,2920
4,6,62.149.140.114,192.168.54.18,80,47102,1161174,1460
4,6,62.149.140.114,192.168.54.18,80,47102,1162634,676
4,6,62.149.140.114,192.168.54.18,80,47102,1163310,2920
4,6,62.149.140.114,192.168.54.18,80,47102,1166230,7300
4,6,62.149.140.114,192.168.54.18,80,47102,1173530,300
4,6,192.168.54.17,192.168.54.18,80,60492,1084352337,0
4,6,192.168.54.17,192.168.54.18,80,60492,1084352338,0
4,6,62.149.140.114,192.168.54.18,80,47098,1079395,5840
4,6,62.149.140.114,192.168.54.18,80,47098,1085235,7300
4,6,62.149.140.114,192.168.54.18,80,47098,1092535,655
4,6,62.149.140.114,192.168.54.18,80,47098,1093190,8760
4,6,62.149.140.114,192.168.54.18,80,47098,1101950,1460
4,6,62.149.140.114,192.168.54.18,80,47098,1103410,1460
4,6,62.149.140.114,192.168.54.18,80,47098,1104870,324
4,6,192.168.54.17,192.168.54.18,80,60496,336535330,0
4,6,192.168.54.17,192.168.54.18,80,60496,336535331,0
4,6,81.169.145.83,192.168.54.18,80,43672,1047904,0
4,6,192.168.54.17,192.168.54.18,80,60476,3746096504,0
4,6,192.168.54.17,192.168.54.18,80,60476,3746096505,0
4,6,192.168.54.17,192.168.54.18,80,60494,2396965758,0
4,6,192.168.54.17,192.168.54.18,80,60494,2396965759,0
4,6,81.169.145.83,192.168.54.18,80,43672,1047905,0
4,6,192.168.54.17,192.168.54.18,80,60488,2859385978,0
4,6,192.168.54.17,192.168.54.18,80,60488,2859385979,0
4,6,81.169.145.83,192.168.54.18,80,43672,1047905,2920
4,6,81.169.145.83,192.168.54.18,80,43672,1050825,1460
4,6,81.169.145.83,192.168.54.18,80,43672,1052285,2920
4,6,81.169.145.83,192.168.54.18,80,43672,1055205,904
4,6,94.31.29.154,192.168.54.18,443,52976,1060180,0
4,6,81.169.145.83,192.168.54.18,80,43674,1054042,0
4,6,94.31.29.154,192.168.54.18,443,52976,1060181,2920
4,6,94.31.29.154,192.168.54.18,443,52976,1063101,1460
4,6,94.31.29.154,192.168.54.18,443,52976,1064561,954
4,6,94.31.29.154,192.168.54.18,443,52976,1065515,0
4,6,81.169.145.83,192.168.54.18,80,43674,1054043,0
4,6,94.31.29.154,192.168.54.18,443,52976,1065515,274
4,6,91.226.182.21,192.168.54.18,80,39158,1072456,0
4,6,91.226.182.21,192.168.54.18,80,39160,1078594,0
4,6,91.226.182.21,192.168.54.18,80,39166,1097008,0
4,6,91.226.182.21,192.168.54.18,80,39164,1090870,0
4,6,91.226.182.21,192.168.54.18,80,39162,1084732,0
4,6,81.169.145.83,192.168.54.18,80,43678,1066318,0
4,6,81.169.145.83,192.168.54.18,80,43674,1054043,2920
4,6,81.169.145.83,192.168.54.18,80,43674,1056963,307
4,6,94.31.29.154,192.168.54.18,443,52976,1065789,2920
4,6,94.31.29.154,192.168.54.18,443,52976,1068709,2920
4,6,94.31.29.154,192.168.54.18,443,52976,1071629,10220
4,6,94.31.29.154,192.168.54.18,443,52976,1081849,8760
4,6,94.31.29.154,192.168.54.18,443,52976,1090609,948
4,6,91.226.182.21,192.168.54.18,80,39168,1103147,0
4,6,81.169.145.83,192.168.54.18,80,43674,1057270,5840
4,6,81.169.145.83,192.168.54.18,80,43674,1063110,7300
4,6,81.169.145.83,192.168.54.18,80,43674,1070410,1460
4,6,81.169.145.83,192.168.54.18,80,43674,1071870,5840
4,6,81.169.145.83,192.168.54.18,80,43674,1077710,4380
4,6,81.169.145.83,192.168.54.18,80,43674,1082090,4380
4,6,91.226.182.21,192.168.54.18,80,39160,1078595,1079
4,6,91.226.182.21,192.168.54.18,80,39160,1079674,0
4,6,91.226.182.21,192.168.54.18,80,39160,1079675,0
4,6,81.169.145.83,192.168.54.18,80,43674,1086470,2920
4,6,81.169.145.83,192.168.54.18,80,43674,1089390,715
4,6,91.226.182.21,192.168.54.18,80,39158,1072457,2014
4,6,91.226.182.21,192.168.54.18,80,39158,1074472,0
4,6,91.226.182.21,192.168.54.18,80,39162,1084733,800
4,6,91.226.182.21,192.168.54.18,80,39162,1085533,0
4,6,91.226.182.21,192.168.54.18,80,39162,1085534,0
4,6,91.226.182.21,192.168.54.18,80,39166,1097009,1434
4,6,91.226.182.21,192.168.54.18,80,39166,1098443,0
4,6,91.226.182.21,192.168.54.18,80,39166,1098444,0
4,6,216.58.213.110,192.168.54.18,80,58866,1109286,0
4,6,216.58.213.110,192.168.54.18,80,58868,1115425,0
4,6,91.226.182.21,192.168.54.18,80,39164,1090871,2014
4,6,91.226.182.21,192.168.54.18,80,39164,1092886,0
4,6,216.58.213.110,192.168.54.18,80,58866,1109287,2920
4,6,216.58.213.110,192.168.54.18,80,58866,1112207,4380
4,6,216.58.213.110,192.168.54.18,80,58866,1116587,4380
4,6,216.58.213.110,192.168.54.18,80,58866,1120967,224
4,6,91.226.182.231,192.168.54.18,80,54944,1121564,0
4,6,91.226.182.231,192.168.54.18,80,54946,1127703,0
4,6,91.226.182.21,192.168.54.18,80,39178,1133842,0
4,6,91.226.182.231,192.168.54.18,80,54950,1139981,0
4,6,91.226.182.21,192.168.54.18,80,39182,1146120,0
4,6,91.226.182.231,192.168.54.18,80,54956,1158398,0
4,6,91.226.182.231,192.168.54.18,80,54958,1164537,0
4,6,91.226.182.231,192.168.54.18,80,54954,1152259,0
4,6,91.226.182.231,192.168.54.18,80,54950,1139982,671
4,6,91.226.182.231,192.168.54.18,80,54950,1140653,0
4,6,91.226.182.231,192.168.54.18,80,54950,1140654,0
4,6,91.226.182.231,192.168.54.18,80,54946,1127704,1460
4,6,91.226.182.231,192.168.54.18,80,54946,1129164,1257
4,6,91.226.182.231,192.168.54.18,80,54946,1130421,0
4,6,91.226.182.231,192.168.54.18,80,54946,1130422,0
4,6,91.226.182.231,192.168.54.18,80,54944,1121565,2920
4,6,91.226.182.231,192.168.54.18,80,54944,1124485,4380
4,6,91.226.182.231,192.168.54.18,80,54944,1128865,1460
4,6,91.226.182.231,192.168.54.18,80,54944,1130325,1460
4,6,91.226.182.231,192.168.54.18,80,54944,1131785,4380
4,6,216.58.213.110,192.168.54.18,80,58868,1115426,386
4,6,216.58.213.110,192.168.54.18,80,58866,1121191,0
4,6,91.226.182.21,192.168.54.18,80,39178,1133843,0
4,6,91.226.182.21,192.168.54.18,80,39168,1103148,0
4,6,216.58.213.110,192.168.54.18,80,58866,1121191,843
4,6,91.226.182.21,192.168.54.18,80,39178,1133843,519
4,6,91.226.182.21,192.168.54.18,80,39178,1134362,0
4,6,91.226.182.21,192.168.54.18,80,39178,1134363,0
4,6,91.226.182.21,192.168.54.18,80,39168,1103148,1460
4,6,91.226.182.21,192.168.54.18,80,39168,1104608,1460
4,6,91.226.182.21,192.168.54.18,80,39168,1106068,718
4,6,91.226.182.21,192.168.54.18,80,39168,1106786,0
4,6,91.226.182.21,192.168.54.18,80,39168,1106787,0
4,6,91.226.182.231,192.168.54.18,80,54944,1136165,2920
4,6,91.226.182.231,192.168.54.18,80,54944,1139085,5840
4,6,91.226.182.231,192.168.54.18,80,54944,1144925,1644
4,6,91.226.182.231,192.168.54.18,80,54944,1146570,0
4,6,74.125.206.157,192.168.54.18,443,58432,1170676,0
4,6,91.226.182.21,192.168.54.18,80,39192,1176815,0
4,6,91.226.182.21,192.168.54.18,80,39194,1182954,0
4,6,74.125.206.157,192.168.54.18,443,58432,1170677,2920
4,6,74.125.206.157,192.168.54.18,443,58432,1173597,800
4,6,91.226.182.21,192.168.54.18,80,39196,1189093,0
4,6,91.226.182.21,192.168.54.18,80,39198,1195232,0
4,6,91.226.182.21,192.168.54.18,80,39200,1201371,0
4,6,91.226.182.21,192.168.54.18,80,39182,1146121,2081
4,6,74.125.206.157,192.168.54.18,443,58432,1174397,262
4,6,91.226.182.21,192.168.54.18,80,39194,1182955,247
4,6,91.226.182.21,192.168.54.18,80,39194,1183202,0
4,6,91.226.182.21,192.168.54.18,80,39182,1148203,0
4,6,91.226.182.21,192.168.54.18,80,39194,1183203,0
4,6,216.58.213.110,192.168.54.18,80,58898,1207510,0
4,6,216.58.213.110,192.168.54.18,80,58900,1213649,0
4,6,91.226.182.21,192.168.54.18,80,39198,1195233,520
4,6,91.226.182.21,192.168.54.18,80,39198,1195753,0
4,6,216.58.213.110,192.168.54.18,80,58898,1207511,746
4,6,91.226.182.21,192.168.54.18,80,39198,1195754,0
4,6,74.125.206.157,192.168.54.18,443,58432,1174659,104
4,6,74.125.206.157,192.168.54.18,443,58432,1174763,0
4,6,91.226.182.122,192.168.54.18,80,40324,1219788,0
4,6,91.226.182.231,192.168.54.18,80,54980,1232066,0
4,6,91.226.182.122,192.168.54.18,80,40326,1225927,0
4,6,91.226.182.231,192.168.54.18,80,54982,1238205,0
4,6,91.226.182.21,192.168.54.18,80,39200,1201372,423
4,6,91.226.182.21,192.168.54.18,80,39200,1201795,0
4,6,91.226.182.21,192.168.54.18,80,39200,1201796,0
4,6,74.125.206.157,192.168.54.18,443,58432,1174763,38
4,6,91.226.182.122,192.168.54.18,80,40338,1262761,0
4,6,91.226.182.122,192.168.54.18,80,40336,1256622,0
4,6,91.226.182.231,192.168.54.18,80,54984,1244344,0
4,6,91.226.182.231,192.168.54.18,80,54986,1250483,0
4,6,91.226.182.231,192.168.54.18,80,54982,1238206,404
4,6,91.226.182.231,192.168.54.18,80,54982,1238610,0
4,6,91.226.182.231,192.168.54.18,80,54982,1238611,0
4,6,91.226.182.122,192.168.54.18,80,40326,1225928,1944
4,6,91.226.182.122,192.168.54.18,80,40326,1227873,0
4,6,91.226.182.122,192.168.54.18,80,40324,1219789,2920
4,6,91.226.182.122,192.168.54.18,80,40324,1222709,4380
4,6,91.226.182.122,192.168.54.18,80,40324,1227089,4380
4,6,91.226.182.122,192.168.54.18,80,40324,1231469,1460
4,6,91.226.182.122,192.168.54.18,80,40324,1232929,1460
4,6,91.226.182.231,192.168.54.18,80,54980,1232067,2920
4,6,91.226.182.231,192.168.54.18,80,54980,1234987,1460
4,6,91.226.182.231,192.168.54.18,80,54980,1236447,2920
4,6,91.226.182.231,192.168.54.18,80,54980,1239367,1460
4,6,91.226.182.231,192.168.54.18,80,54980,1240827,2920
4,6,91.226.182.231,192.168.54.18,80,54980,1243747,2920
4,6,74.125.206.157,192.168.54.18,443,58432,1174801,434
4,6,91.226.182.122,192.168.54.18,80,40324,1234389,5840
4,6,91.226.182.122,192.168.54.18,80,40324,1240229,4380
4,6,91.226.182.122,192.168.54.18,80,40324,1244609,2920
4,6,91.226.182.122,192.168.54.18,80,40324,1247529,2920
4,6,91.226.182.122,192.168.54.18,80,40324,1250449,2787
4,6,91.226.182.122,192.168.54.18,80,40324,1253237,0
4,6,91.226.182.231,192.168.54.18,80,54980,1246667,1460
4,6,91.226.182.231,192.168.54.18,80,54980,1248127,1460
4,6,91.226.182.231,192.168.54.18,80,54980,1249587,2920
4,6,91.226.182.231,192.168.54.18,80,54980,1252507,4554
4,6,91.226.182.231,192.168.54.18,80,54980,1257062,0
4,6,91.226.182.231,192.168.54.18,80,54992,1268900,0
4,6,81.169.145.83,192.168.54.18,80,43672,1056109,4380
4,6,81.169.145.83,192.168.54.18,80,43672,1060489,1460
4,6,81.169.145.83,192.168.54.18,80,43672,1061949,1015
4,6,91.226.182.231,192.168.54.18,80,54994,1275039,0
4,6,91.226.182.231,192.168.54.18,80,54992,1268901,2920
4,6,91.226.182.231,192.168.54.18,80,54992,1271821,4379
4,6,91.226.182.231,192.168.54.18,80,54992,1276201,0
4,6,23.209.210.132,192.168.54.18,443,43090,1281178,0
4,6,23.209.210.132,192.168.54.18,443,43090,1281179,0
4,6,74.125.206.157,192.168.54.18,443,58432,1175235,0
4,6,91.226.182.21,192.168.54.18,80,39192,1176816,0
4,6,23.209.210.132,192.168.54.18,443,43090,1281179,2920
4,6,23.209.210.132,192.168.54.18,443,43090,1284099,670
4,6,91.226.182.21,192.168.54.18,80,39228,1287317,0
4,6,23.209.210.132,192.168.54.18,443,43090,1284769,242
4,6,91.226.182.122,192.168.54.18,80,40338,1262762,587
4,6,91.226.182.122,192.168.54.18,80,40338,1263349,221
4,6,91.226.182.122,192.168.54.18,80,40338,1263570,0
4,6,91.226.182.122,192.168.54.18,80,40338,1263571,0
4,6,91.226.182.231,192.168.54.18,80,54984,1244345,410
4,6,91.226.182.231,192.168.54.18,80,54984,1244755,0
4,6,91.226.182.231,192.168.54.18,80,54984,1244756,0
4,6,91.226.182.224,192.168.54.18,80,52270,1293457,0
4,6,91.226.182.231,192.168.54.18,80,54994,1275040,1053
4,6,91.226.182.231,192.168.54.18,80,54994,1276093,0
4,6,91.226.182.21,192.168.54.18,80,39228,1287318,807
4,6,91.226.182.21,192.168.54.18,80,39228,1288125,0
4,6,91.226.182.21,192.168.54.18,80,39228,1288126,0
4,6,91.226.182.231,192.168.54.18,80,54994,1276094,0
4,6,2.22.139.27,192.168.54.18,80,36310,1305737,0
4,6,2.22.139.27,192.168.54.18,80,36308,1299597,0
4,6,2.22.139.27,192.168.54.18,80,36310,1305738,1460
4,6,2.22.139.27,192.168.54.18,80,36310,1307198,656
4,6,52.24.123.95,192.168.54.18,443,38822,861483,0
4,6,91.226.182.224,192.168.54.18,80,52270,1293458,2920
4,6,91.226.182.224,192.168.54.18,80,52270,1296378,4380
4,6,91.226.182.224,192.168.54.18,80,52270,1300758,4244
4,6,2.22.139.27,192.168.54.18,80,36312,1311877,0
4,6,91.226.182.224,192.168.54.18,80,52270,1305003,0
4,6,2.22.139.27,192.168.54.18,80,36314,1318017,0
4,6,2.22.139.27,192.168.54.18,80,36312,1311878,1460
4,6,2.22.139.27,192.168.54.18,80,36312,1313338,489
4,6,52.49.28.239,192.168.54.18,443,41080,873767,0
4,6,23.209.210.132,192.168.54.18,443,43090,1285011,539
4,6,54.230.197.92,192.168.54.18,443,39322,884170,0
4,6,91.226.182.21,192.168.54.18,80,39192,1176816,1460
4,6,91.226.182.21,192.168.54.18,80,39192,1178276,1849
4,6,91.226.182.21,192.168.54.18,80,39192,1180126,0
4,6,91.226.182.21,192.168.54.18,80,39240,1324157,0
4,6,91.226.182.231,192.168.54.18,80,55012,1330297,0
4,6,91.226.182.231,192.168.54.18,80,55014,1336437,0
4,6,91.226.182.231,192.168.54.18,80,55018,1348717,0
4,6,91.226.182.231,192.168.54.18,80,55020,1354857,0
4,6,91.226.182.231,192.168.54.18,80,55016,1342577,0
4,6,91.226.182.231,192.168.54.18,80,55022,1360997,0
4,6,91.226.182.21,192.168.54.18,80,39240,1324158,519
4,6,91.226.182.21,192.168.54.18,80,39240,1324677,0
4,6,91.226.182.21,192.168.54.18,80,39240,1324678,0
4,6,91.226.182.231,192.168.54.18,80,55014,1336438,2920
4,6,91.226.182.231,192.168.54.18,80,55014,1339358,40
4,6,91.226.182.231,192.168.54.18,80,55014,1339398,0
4,6,91.226.182.231,192.168.54.18,80,55020,1354858,1460
4,6,91.226.182.231,192.168.54.18,80,55020,1356318,2043
4,6,91.226.182.231,192.168.54.18,80,55014,1339399,0
4,6,91.226.182.231,192.168.54.18,80,55020,1358362,0
4,6,91.226.182.231,192.168.54.18,80,55018,1348718,0
4,6,91.226.182.231,192.168.54.18,80,55012,1330298,0
4,6,91.226.182.231,192.168.54.18,80,55012,1330298,2920
4,6,91.226.182.231,192.168.54.18,80,55012,1333218,2920
4,6,91.226.182.231,192.168.54.18,80,55012,1336138,1460
4,6,91.226.182.231,192.168.54.18,80,55012,1337598,1460
4,6,91.226.182.231,192.168.54.18,80,55012,1339058,4380
4,6,91.226.182.231,192.168.54.18,80,55012,1343438,1460
4,6,91.226.182.231,192.168.54.18,80,55018,1348718,2920
4,6,91.226.182.231,192.168.54.18,80,55018,1351638,2920
4,6,91.226.182.231,192.168.54.18,80,55018,1354558,1460
4,6,91.226.182.231,192.168.54.18,80,55018,1356018,4380
4,6,91.226.182.231,192.168.54.18,80,55018,1360398,1460
4,6,91.226.182.231,192.168.54.18,80,55018,1361858,1460
4,6,91.226.182.231,192.168.54.18,80,55012,1344898,4380
4,6,91.226.182.231,192.168.54.18,80,55012,1349278,4380
4,6,91.226.182.231,192.168.54.18,80,55012,1353658,1644
4,6,91.226.182.231,192.168.54.18,80,55012,1355303,0
4,6,91.226.182.231,192.168.54.18,80,55018,1363318,7300
4,6,91.226.182.231,192.168.54.18,80,55018,1370618,1460
4,6,91.226.182.231,192.168.54.18,80,55018,1372078,1460
4,6,91.226.182.231,192.168.54.18,80,55018,1373538,4797
4,6,91.226.182.231,192.168.54.18,80,55018,1378336,0
4,6,91.226.182.231,192.168.54.18,80,55024,1367138,0
4,6,91.226.182.231,192.168.54.18,80,54956,1158399,1585
4,6,91.226.182.231,192.168.54.18,80,54954,1152260,858
4,6,91.226.182.231,192.168.54.18,80,54954,1153118,0
4,6,91.226.182.231,192.168.54.18,80,54956,1159985,0
4,6,91.226.182.231,192.168.54.18,80,54954,1153119,0
4,6,91.226.182.231,192.168.54.18,80,54958,1164538,2920
4,6,91.226.182.231,192.168.54.18,80,54958,1167458,4380
4,6,91.226.182.231,192.168.54.18,80,54958,1171838,5840
4,6,91.226.182.231,192.168.54.18,80,54958,1177678,1460
4,6,91.226.182.231,192.168.54.18,80,55024,1367139,1460
4,6,91.226.182.231,192.168.54.18,80,55024,1368599,1253
4,6,91.226.182.231,192.168.54.18,80,55024,1369853,0
4,6,91.226.182.231,192.168.54.18,80,54958,1179138,2920
4,6,91.226.182.231,192.168.54.18,80,54958,1182058,1460
4,6,91.226.182.231,192.168.54.18,80,54958,1183518,4380
4,6,91.226.182.231,192.168.54.18,80,54958,1187898,1460
4,6,91.226.182.231,192.168.54.18,80,54958,1189358,184
4,6,91.226.182.231,192.168.54.18,80,54958,1189542,0
4,6,91.226.182.231,192.168.54.18,80,54958,1189543,0
4,6,23.209.210.132,192.168.54.18,443,43090,1285550,632
4,6,91.226.182.21,192.168.54.18,80,39256,1373279,0
4,6,91.226.182.21,192.168.54.18,80,39258,1379420,0
4,6,91.226.182.21,192.168.54.18,80,39256,1373280,519
4,6,91.226.182.21,192.168.54.18,80,39256,1373799,0
4,6,91.226.182.231,192.168.54.18,80,55022,1360998,0
4,6,91.226.182.122,192.168.54.18,80,40336,1256623,0
4,6,91.226.182.231,192.168.54.18,80,55016,1342578,0
4,6,91.226.182.21,192.168.54.18,80,39256,1373800,0
4,6,91.226.182.231,192.168.54.18,80,55030,1385561,0
4,6,91.226.182.231,192.168.54.18,80,55032,1391702,0
4,6,91.226.182.231,192.168.54.18,80,55016,1342578,410
4,6,91.226.182.231,192.168.54.18,80,55016,1342988,0
4,6,91.226.182.231,192.168.54.18,80,55016,1342989,0
4,6,91.226.182.122,192.168.54.18,80,40336,1256623,440
4,6,23.3.7.174,192.168.54.18,443,59630,1397843,0
4,6,91.226.182.122,192.168.54.18,80,40336,1257063,227
4,6,91.226.182.122,192.168.54.18,80,40336,1257290,0
4,6,91.226.182.122,192.168.54.18,80,40336,1257291,0
4,6,91.226.182.231,192.168.54.18,80,55022,1360998,2920
4,6,91.226.182.231,192.168.54.18,80,55022,1363918,4380
4,6,91.226.182.231,192.168.54.18,80,55022,1368298,5840
4,6,91.226.182.231,192.168.54.18,80,55022,1374138,1460
4,6,23.3.7.174,192.168.54.18,443,59630,1397844,2920
4,6,91.226.182.231,192.168.54.18,80,55030,1385562,1777
4,6,23.3.7.174,192.168.54.18,443,59630,1400764,1287
4,6,91.226.182.231,192.168.54.18,80,55032,1391703,2174
4,6,91.226.182.231,192.168.54.18,80,55032,1393878,0
4,6,91.226.182.231,192.168.54.18,80,55030,1387340,0
4,6,91.226.182.224,192.168.54.18,80,52306,1403984,0
4,6,88.221.87.139,192.168.54.18,80,39900,1416266,0
4,6,88.221.87.139,192.168.54.18,80,39902,1422407,0
4,6,91.226.182.231,192.168.54.18,80,55022,1375598,2920
4,6,91.226.182.231,192.168.54.18,80,55022,1378518,10220
4,6,91.226.182.231,192.168.54.18,80,55022,1388738,1460
4,6,91.226.182.231,192.168.54.18,80,55022,1390198,2668
4,6,91.226.182.231,192.168.54.18,80,55022,1392867,0
4,6,23.3.7.174,192.168.54.18,443,59630,1402051,242
4,6,88.221.87.139,192.168.54.18,80,39902,1422408,1460
4,6,88.221.87.139,192.168.54.18,80,39902,1423868,444
4,6,91.226.182.224,192.168.54.18,80,52308,1410125,0
4,6,23.3.7.174,192.168.54.18,443,59630,1402293,724
4,6,91.226.182.224,192.168.54.18,80,52306,1403985,2920
4,6,91.226.182.224,192.168.54.18,80,52306,1406905,4380
4,6,91.226.182.224,192.168.54.18,80,52306,1411285,2107
4,6,91.226.182.224,192.168.54.18,80,52306,1413393,0
4,6,23.209.210.132,192.168.54.18,443,43090,1286182,1460
4,6,23.209.210.132,192.168.54.18,443,43090,1287642,533
4,6,81.169.145.83,192.168.54.18,80,43674,1090105,423
4,6,81.169.145.83,192.168.54.18,80,43674,1090528,423
4,6,81.169.145.83,192.168.54.18,80,43674,1090951,0
4,6,81.169.145.83,192.168.54.18,80,43674,1090951,362
4,6,81.169.145.83,192.168.54.18,80,43674,1091313,0
4,6,81.169.145.83,192.168.54.18,80,43674,1091313,1363
4,6,81.169.145.83,192.168.54.18,80,43674,1092676,430
4,6,81.169.145.83,192.168.54.18,80,43674,1093106,0
4,6,93.184.220.29,192.168.54.18,80,52764,866472,0
4,6,52.24.153.184,192.168.54.18,443,42272,904488,0
4,6,81.169.145.83,192.168.54.18,80,43674,1093106,8760
4,6,81.169.145.83,192.168.54.18,80,43674,1101866,4380
4,6,81.169.145.83,192.168.54.18,80,43674,1106246,4380
4,6,81.169.145.83,192.168.54.18,80,43674,1110626,2920
4,6,81.169.145.83,192.168.54.18,80,43674,1113546,2920
4,6,81.169.145.83,192.168.54.18,80,43674,1116466,8760
4,6,81.169.145.83,192.168.54.18,80,43674,1125226,2920
4,6,81.169.145.83,192.168.54.18,80,43674,1128146,1340
4,6,81.169.145.83,192.168.54.18,80,43814,1428552,0
4,6,81.169.145.83,192.168.54.18,80,43818,1440842,0
4,6,81.169.145.83,192.168.54.18,80,43816,1434697,0
4,6,54.230.197.228,192.168.54.18,443,46536,1290208,0
4,6,81.169.145.83,192.168.54.18,80,43816,1434698,0
4,6,81.169.145.83,192.168.54.18,80,43818,1440843,0
4,6,81.169.145.83,192.168.54.18,80,43814,1428553,0
4,6,81.169.145.83,192.168.54.18,80,43674,1129486,0
4,6,81.169.145.83,192.168.54.18,80,43678,1066319,0
4,6,81.169.145.83,192.168.54.18,80,43672,1062964,0
4,6,81.169.145.83,192.168.54.18,80,43814,1428553,1460
4,6,81.169.145.83,192.168.54.18,80,43814,1430013,434
4,6,81.169.145.83,192.168.54.18,80,43678,1066319,2920
4,6,81.169.145.83,192.168.54.18,80,43678,1069239,1460
4,6,62.149.140.114,192.168.54.18,80,47086,1223522,0
4,6,62.149.140.114,192.168.54.18,80,47086,1223523,0
4,6,81.169.145.83,192.168.54.18,80,43678,1070699,57
4,6,81.169.145.83,192.168.54.18,80,43672,1062964,13140
4,6,81.169.145.83,192.168.54.18,80,43672,1076104,1460
4,6,81.169.145.83,192.168.54.18,80,43672,1077564,1460
4,6,81.169.145.83,192.168.54.18,80,43672,1079024,16060
4,6,81.169.145.83,192.168.54.18,80,43672,1095084,1460
4,6,81.169.145.83,192.168.54.18,80,43672,1096544,2920
4,6,62.149.140.114,192.168.54.18,80,47096,1046941,0
4,6,62.149.140.114,192.168.54.18,80,47096,1046942,0
4,6,81.169.145.83,192.168.54.18,80,43672,1099464,2920
4,6,81.169.145.83,192.168.54.18,80,43672,1102384,4380
4,6,81.169.145.83,192.168.54.18,80,43672,1106764,14600
4,6,81.169.145.83,192.168.54.18,80,43672,1121364,10220
4,6,81.169.145.83,192.168.54.18,80,43672,1131584,7300
4,6,81.169.145.83,192.168.54.18,80,43672,1138884,14600
4,6,81.169.145.83,192.168.54.18,80,43672,1153484,1460
4,6,81.169.145.83,192.168.54.18,80,43672,1154944,8760
4,6,81.169.145.83,192.168.54.18,80,43672,1163704,2920
4,6,81.169.145.83,192.168.54.18,80,43672,1166624,2920
4,6,81.169.145.83,192.168.54.18,80,43672,1169544,10220
4,6,81.169.145.83,192.168.54.18,80,43672,1179764,4380
4,6,81.169.145.83,192.168.54.18,80,43672,1184144,5840
4,6,81.169.145.83,192.168.54.18,80,43672,1189984,5840
4,6,62.149.140.114,192.168.54.18,80,47100,1048878,0
4,6,62.149.140.114,192.168.54.18,80,47100,1048879,0
4,6,81.169.145.83,192.168.54.18,80,43818,1440843,2920
4,6,81.169.145.83,192.168.54.18,80,43818,1443763,4380
4,6,81.169.145.83,192.168.54.18,80,43818,1448143,4380
4,6,81.169.145.83,192.168.54.18,80,43818,1452523,1460
4,6,81.169.145.83,192.168.54.18,80,43818,1453983,1460
4,6,81.169.145.83,192.168.54.18,80,43818,1455443,5840
4,6,81.169.145.83,192.168.54.18,80,43818,1461283,1460
4,6,81.169.145.83,192.168.54.18,80,43818,1462743,2920
4,6,81.169.145.83,192.168.54.18,80,43818,1465663,2920
4,6,81.169.145.83,192.168.54.18,80,43672,1195824,1460
4,6,81.169.145.83,192.168.54.18,80,43672,1197284,2920
4,6,81.169.145.83,192.168.54.18,80,43672,1200204,16060
4,6,81.169.145.83,192.168.54.18,80,43672,1216264,4380
4,6,81.169.145.83,192.168.54.18,80,43672,1220644,7300
4,6,81.169.145.83,192.168.54.18,80,43818,1468583,11680
4,6,81.169.145.83,192.168.54.18,80,43818,1480263,11680
4,6,81.169.145.83,192.168.54.18,80,43818,1491943,5840
4,6,81.169.145.83,192.168.54.18,80,43818,1497783,1460
4,6,81.169.145.83,192.168.54.18,80,43672,1227944,1460
4,6,81.169.145.83,192.168.54.18,80,43672,1229404,4380
4,6,81.169.145.83,192.168.54.18,80,43672,1233784,5840
4,6,81.169.145.83,192.168.54.18,80,43672,1239624,4380
4,6,81.169.145.83,192.168.54.18,80,43672,1244004,1460
4,6,81.169.145.83,192.168.54.18,80,43672,1245464,2920
4,6,81.169.145.83,192.168.54.18,80,43672,1248384,4380
4,6,81.169.145.83,192.168.54.18,80,43672,1252764,2920
4,6,81.169.145.83,192.168.54.18,80,43672,1255684,4380
4,6,62.149.140.114,192.168.54.18,80,47088,1395197,0
4,6,62.149.140.114,192.168.54.18,80,47088,1395198,0
4,6,81.169.145.83,192.168.54.18,80,43818,1499243,2920
4,6,81.169.145.83,192.168.54.18,80,43818,1502163,5840
4,6,81.169.145.83,192.168.54.18,80,43818,1508003,8760
4,6,81.169.145.83,192.168.54.18,80,43818,1516763,4380
4,6,81.169.145.83,192.168.54.18,80,43818,1521143,5840
4,6,81.169.145.83,192.168.54.18,80,43818,1526983,4380
4,6,81.169.145.83,192.168.54.18,80,43674,1129486,1460
4,6,81.169.145.83,192.168.54.18,80,43672,1260064,1460
4,6,81.169.145.83,192.168.54.18,80,43672,1261524,2920
4,6,81.169.145.83,192.168.54.18,80,43672,1264444,1460
4,6,81.169.145.83,192.168.54.18,80,43672,1265904,8760
4,6,81.169.145.83,192.168.54.18,80,43672,1274664,521
4,6,81.169.145.83,192.168.54.18,80,43818,1531363,8760
4,6,81.169.145.83,192.168.54.18,80,43818,1540123,7300
4,6,81.169.145.83,192.168.54.18,80,43818,1547423,482
4,6,81.169.145.83,192.168.54.18,80,43674,1130946,621
4,6,216.58.213.110,192.168.54.18,80,58866,1122034,386
4,6,81.169.145.83,192.168.54.18,80,43816,1434698,1460
4,6,81.169.145.83,192.168.54.18,80,43816,1436158,687
4,6,94.31.29.154,192.168.54.18,443,52976,1091557,31
4,6,94.31.29.154,192.168.54.18,443,52976,1091588,0
4,6,94.31.29.154,192.168.54.18,443,52976,1091589,0
4,6,62.149.140.114,192.168.54.18,80,47102,1173830,0
4,6,62.149.140.114,192.168.54.18,80,47102,1173831,0
4,6,91.226.182.231,192.168.54.18,80,55068,1446989,0
4,6,91.226.182.21,192.168.54.18,80,39300,1453136,0
4,6,91.226.182.21,192.168.54.18,80,39302,1459283,0
4,6,91.226.182.21,192.168.54.18,80,39306,1471577,0
4,6,91.226.182.231,192.168.54.18,80,55074,1465430,0
4,6,91.226.182.21,192.168.54.18,80,39308,1477724,0
4,6,91.226.182.21,192.168.54.18,80,39310,1483871,0
4,6,91.226.182.21,192.168.54.18,80,39312,1490018,0
4,6,91.226.182.21,192.168.54.18,80,39306,1471578,519
4,6,91.226.182.21,192.168.54.18,80,39306,1472097,0
4,6,91.226.182.21,192.168.54.18,80,39306,1472098,0
4,6,91.226.182.21,192.168.54.18,80,39258,1379421,1460
4,6,91.226.182.21,192.168.54.18,80,39258,1380881,2179
4,6,91.226.182.21,192.168.54.18,80,39258,1383061,0
4,6,62.149.140.114,192.168.54.18,80,47098,1105194,0
4,6,62.149.140.114,192.168.54.18,80,47098,1105195,0
4,6,91.226.182.21,192.168.54.18,80,39196,1189094,246
4,6,91.226.182.21,192.168.54.18,80,39196,1189340,0
4,6,91.226.182.21,192.168.54.18,80,39308,1477725,1460
4,6,91.226.182.21,192.168.54.18,80,39196,1189341,0
4,6,91.226.182.21,192.168.54.18,80,39308,1479185,4380
4,6,91.226.182.21,192.168.54.18,80,39308,1483565,4380
4,6,91.226.182.21,192.168.54.18,80,39308,1487945,2362
4,6,91.226.182.21,192.168.54.18,80,39308,1490308,0
4,6,91.226.182.21,192.168.54.18,80,39310,1483872,519
4,6,91.226.182.21,192.168.54.18,80,39310,1484391,0
4,6,91.226.182.21,192.168.54.18,80,39310,1484392,0
4,6,91.226.182.21,192.168.54.18,80,39302,1459284,0
4,6,81.169.145.83,192.168.54.18,80,43672,1275185,0
4,6,81.169.145.83,192.168.54.18,80,43672,1275185,16060
4,6,81.169.145.83,192.168.54.18,80,43672,1291245,8760
4,6,81.169.145.83,192.168.54.18,80,43672,1300005,7300
4,6,81.169.145.83,192.168.54.18,80,43672,1307305,0
4,6,91.226.182.21,192.168.54.18,80,39302,1459284,1460
4,6,91.226.182.21,192.168.54.18,80,39302,1460744,1849
4,6,91.226.182.21,192.168.54.18,80,39302,1462594,0
4,6,91.226.182.122,192.168.54.18,80,40432,1496168,0
4,6,91.226.182.122,192.168.54.18,80,40434,1502318,0
4,6,91.226.182.231,192.168.54.18,80,55088,1508468,0
4,6,91.226.182.231,192.168.54.18,80,55090,1514618,0
4,6,91.226.182.231,192.168.54.18,80,55094,1526918,0
4,6,91.226.182.231,192.168.54.18,80,55092,1520768,0
4,6,91.226.182.21,192.168.54.18,80,39312,1490019,520
4,6,91.226.182.21,192.168.54.18,80,39312,1490539,0
4,6,91.226.182.21,192.168.54.18,80,39312,1490540,0
4,6,91.226.182.21,192.168.54.18,80,39326,1533068,0
4,6,91.226.182.21,192.168.54.18,80,39328,1539218,0
4,6,81.169.145.83,192.168.54.18,80,43852,1545368,0
4,6,91.226.182.21,192.168.54.18,80,39326,1533069,520
4,6,91.226.182.21,192.168.54.18,80,39326,1533589,0
4,6,91.226.182.21,192.168.54.18,80,39326,1533590,0
4,6,91.226.182.122,192.168.54.18,80,40432,1496169,0
4,6,81.169.145.83,192.168.54.18,80,43852,1545369,0
4,6,81.169.145.83,192.168.54.18,80,43816,1436845,0
4,6,81.169.145.83,192.168.54.18,80,43814,1430447,0
4,6,81.169.145.83,192.168.54.18,80,43678,1070756,0
4,6,81.169.145.83,192.168.54.18,80,43674,1131567,0
4,6,81.169.145.83,192.168.54.18,80,43818,1547905,0
4,6,91.226.182.122,192.168.54.18,80,40432,1496169,587
4,6,91.226.182.122,192.168.54.18,80,40432,1496756,223
4,6,91.226.182.122,192.168.54.18,80,40432,1496979,0
4,6,91.226.182.122,192.168.54.18,80,40432,1496980,0
4,6,81.169.145.83,192.168.54.18,80,43678,1070756,1193
4,6,91.226.182.224,192.168.54.18,80,52308,1410126,2920
4,6,91.226.182.224,192.168.54.18,80,52308,1413046,4380
4,6,91.226.182.224,192.168.54.18,80,52308,1417426,1460
4,6,91.226.182.224,192.168.54.18,80,52308,1418886,1074
4,6,91.226.182.224,192.168.54.18,80,52308,1419961,0
4,6,81.169.145.83,192.168.54.18,80,43674,1131567,1076
4,6,81.169.145.83,192.168.54.18,80,43818,1547905,0
4,6,81.169.145.83,192.168.54.18,80,43854,1551518,0
4,6,81.169.145.83,192.168.54.18,80,43816,1436845,5840
4,6,81.169.145.83,192.168.54.18,80,43816,1442685,2920
4,6,81.169.145.83,192.168.54.18,80,43816,1445605,1460
4,6,81.169.145.83,192.168.54.18,80,43816,1447065,1460
4,6,81.169.145.83,192.168.54.18,80,43816,1448525,839
4,6,81.169.145.83,192.168.54.18,80,43814,1430447,5840
4,6,81.169.145.83,192.168.54.18,80,43814,1436287,0
4,6,81.169.145.83,192.168.54.18,80,43816,1449364,0
4,6,81.169.145.83,192.168.54.18,80,43854,1551519,0
4,6,81.169.145.83,192.168.54.18,80,43674,1132643,0
4,6,81.169.145.83,192.168.54.18,80,43678,1071949,0
4,6,81.169.145.83,192.168.54.18,80,43852,1545369,2920
4,6,81.169.145.83,192.168.54.18,80,43852,1548289,1460
4,6,81.169.145.83,192.168.54.18,80,43852,1549749,2920
4,6,81.169.145.83,192.168.54.18,80,43852,1552669,2920
4,6,81.169.145.83,192.168.54.18,80,43678,1071949,2920
4,6,81.169.145.83,192.168.54.18,80,43678,1074869,4380
4,6,2.22.139.27,192.168.54.18,80,36308,1299598,0
4,6,216.58.213.110,192.168.54.18,80,58900,1213650,0
4,6,2.22.139.27,192.168.54.18,80,36314,1318018,0
4,6,91.226.182.231,192.168.54.18,80,54986,1250484,0
4,6,81.169.145.83,192.168.54.18,80,43852,1555589,8760
4,6,81.169.145.83,192.168.54.18,80,43852,1564349,1460
4,6,216.58.213.110,192.168.54.18,80,58900,1213650,0
4,6,2.22.139.27,192.168.54.18,80,36314,1318018,0
4,6,2.22.139.27,192.168.54.18,80,36308,1299598,0
4,6,81.169.145.83,192.168.54.18,80,43678,1079249,2920
4,6,81.169.145.83,192.168.54.18,80,43678,1082169,10220
4,6,91.226.182.231,192.168.54.18,80,54986,1250484,187
4,6,91.226.182.231,192.168.54.18,80,54986,1250671,0
4,6,81.169.145.83,192.168.54.18,80,43674,1132643,7300
4,6,81.169.145.83,192.168.54.18,80,43674,1139943,7300
4,6,81.169.145.83,192.168.54.18,80,43674,1147243,2920
4,6,81.169.145.83,192.168.54.18,80,43674,1150163,963
4,6,81.169.145.83,192.168.54.18,80,43852,1565809,4380
4,6,81.169.145.83,192.168.54.18,80,43852,1570189,1460
4,6,81.169.145.83,192.168.54.18,80,43852,1571649,127
4,6,81.169.145.83,192.168.54.18,80,43852,1571776,0
4,6,81.169.145.83,192.168.54.18,80,43678,1092389,4380
4,6,81.169.145.83,192.168.54.18,80,43678,1096769,123
4,6,81.169.145.83,192.168.54.18,80,43854,1551519,2920
4,6,81.169.145.83,192.168.54.18,80,43854,1554439,1460
4,6,81.169.145.83,192.168.54.18,80,43854,1555899,5840
4,6,81.169.145.83,192.168.54.18,80,43854,1561739,1460
4,6,81.169.145.83,192.168.54.18,80,43852,1571776,0
4,6,81.169.145.83,192.168.54.18,80,43854,1563199,4380
4,6,81.169.145.83,192.168.54.18,80,43854,1567579,1460
4,6,81.169.145.83,192.168.54.18,80,43854,1569039,4380
4,6,81.169.145.83,192.168.54.18,80,43854,1573419,2920
4,6,81.169.145.83,192.168.54.18,80,43854,1576339,4380
4,6,81.169.145.83,192.168.54.18,80,43854,1580719,0
4,6,81.169.145.83,192.168.54.18,80,43674,1151126,0
4,6,81.169.145.83,192.168.54.18,80,43816,1449364,2920
4,6,81.169.145.83,192.168.54.18,80,43816,1452284,0
4,6,81.169.145.83,192.168.54.18,80,43816,1452284,0
4,6,81.169.145.83,192.168.54.18,80,43674,1151126,7300
4,6,81.169.145.83,192.168.54.18,80,43674,1158426,2920
4,6,81.169.145.83,192.168.54.18,80,43674,1161346,7300
4,6,81.169.145.83,192.168.54.18,80,43674,1168646,1460
4,6,81.169.145.83,192.168.54.18,80,43674,1170106,2920
4,6,81.169.145.83,192.168.54.18,80,43674,1173026,1143
4,6,88.221.87.139,192.168.54.18,80,39900,1416267,0
4,6,88.221.87.139,192.168.54.18,80,39900,1416267,0
4,6,93.184.220.29,192.168.54.18,80,52764,866472,0
4,6,93.184.220.29,192.168.54.18,80,52764,866473,0
4,6,91.226.182.122,192.168.54.18,80,40434,1502319,0
4,6,23.3.7.174,192.168.54.18,443,59630,1403017,0
4,6,2.22.139.27,192.168.54.18,80,36310,1307854,0
4,6,2.22.139.27,192.168.54.18,80,36312,1313827,0
4,6,74.125.206.157,192.168.54.18,443,58432,1175235,0
4,6,216.58.213.110,192.168.54.18,80,58868,1115812,0
4,6,216.58.213.110,192.168.54.18,80,58898,1208257,0
4,6,216.58.213.110,192.168.54.18,80,58866,1122420,0
4,6,81.169.145.83,192.168.54.18,80,43678,1096892,0
4,6,88.221.87.139,192.168.54.18,80,39902,1424312,0
4,6,81.169.145.83,192.168.54.18,80,43674,1174169,0
4,6,23.209.210.132,192.168.54.18,443,43090,1288175,0
4,6,91.226.182.231,192.168.54.18,80,55090,1514619,0
4,6,91.226.182.231,192.168.54.18,80,55094,1526919,0
4,6,91.226.182.231,192.168.54.18,80,55074,1465431,0
4,6,91.226.182.21,192.168.54.18,80,39328,1539219,0
4,6,91.226.182.231,192.168.54.18,80,55068,1446990,0
4,6,91.226.182.231,192.168.54.18,80,55092,1520769,0
4,6,52.24.153.184,192.168.54.18,443,42272,904488,0
4,6,54.230.197.228,192.168.54.18,443,46536,1290208,0
4,6,91.226.182.21,192.168.54.18,80,39300,1453137,0
4,6,54.230.197.92,192.168.54.18,443,39322,884170,0
4,6,52.49.28.239,192.168.54.18,443,41080,873767,0
4,6,91.226.182.231,192.168.54.18,80,55088,1508469,0
4,6,52.24.123.95,192.168.54.18,443,38822,861483,0
4,6,88.221.87.139,192.168.54.18,80,39902,1424312,0
4,6,23.3.7.174,192.168.54.18,443,59630,1403017,0
4,6,2.22.139.27,192.168.54.18,80,36310,1307854,0
4,6,2.22.139.27,192.168.54.18,80,36312,1313827,0
4,6,216.58.213.110,192.168.54.18,80,58898,1208257,0
4,6,216.58.213.110,192.168.54.18,80,58866,1122420,0
4,6,216.58.213.110,192.168.54.18,80,58868,1115812,0
4,6,23.209.210.132,192.168.54.18,443,43090,1288175,0
4,6,74.125.206.157,192.168.54.18,443,58432,1175235,0
4,6,54.230.197.228,192.168.54.18,443,46536,1290208,0
4,6,54.230.197.92,192.168.54.18,443,39322,884170,0
4,6,91.226.182.122,192.168.54.18,80,40434,1502319,0
4,6,91.226.182.231,192.168.54.18,80,55090,1514619,187
4,6,91.226.182.231,192.168.54.18,80,55090,1514806,0
4,6,91.226.182.21,192.168.54.18,80,39328,1539219,187
4,6,91.226.182.21,192.168.54.18,80,39328,1539406,0
4,6,91.226.182.21,192.168.54.18,80,39300,1453137,187
4,6,91.226.182.21,192.168.54.18,80,39300,1453324,0
4,6,91.226.182.231,192.168.54.18,80,55068,1446990,187
4,6,91.226.182.231,192.168.54.18,80,55068,1447177,0
4,6,91.226.182.231,192.168.54.18,80,55074,1465431,187
4,6,91.226.182.231,192.168.54.18,80,55074,1465618,0
4,6,91.226.182.231,192.168.54.18,80,55094,1526919,187
4,6,91.226.182.231,192.168.54.18,80,55094,1527106,0
4,6,52.49.28.239,192.168.54.18,443,41080,873767,31
4,6,52.49.28.239,192.168.54.18,443,41080,873798,0
4,6,91.226.182.231,192.168.54.18,80,55092,1520769,187
4,6,91.226.182.231,192.168.54.18,80,55092,1520956,0
4,6,91.226.182.231,192.168.54.18,80,55088,1508469,187
4,6,91.226.182.231,192.168.54.18,80,55088,1508656,0
4,6,81.169.145.83,192.168.54.18,80,43678,1096892,0
4,6,81.169.145.83,192.168.54.18,80,43674,1174169,0
4,6,52.24.153.184,192.168.54.18,443,42272,904488,31
4,6,52.24.153.184,192.168.54.18,443,42272,904519,0
4,6,52.24.123.95,192.168.54.18,443,38822,861483,31
4,6,52.24.123.95,192.168.54.18,443,38822,861514,0
